"","Interstitial SCs","Female Germ Cells","Male Germ Cells","Early NBs","Early/Mid NBs","Isorhiza NBs 1","Isorhiza NBs 2","Early Desmoneme NBs","Mid/Late Desmoneme NBs","Late Desmoneme NBs","Mid Stenotele NBs","Mid/Late Stenotele NBs","Late Stenotele NBs","Early Maturing NCs","Late Iso NCs","Mid Nematocytes","Mid Desmoneme NCs","Late Desmoneme NCs","Late Stenotele NCs","Neurogenesis","Ec1 Neurons","Ec1/5 Neurons","Ec2 Neurons","Ec3 Neurons","Ec4 Neurons","Ec5 Neurons","En1 Neurons","En2 Neurons","En3 Neurons","Mucous GCs","Granular Mucous GCs Tip","Granular Mucous GCs","Zymogen GCs 1","Zymogen GCs 2","Zymogen GCs 3","Zymogen GCs 4","Spumous Mucous GCs Tip","Spumous Mucous GCs","Ecto Basal Disk","Ecto Aboral SCs","Ecto SCs 1","Ecto SCs 2","Ecto Somatic Gonad","Ecto Head","Ecto Tentacle","Ecto Tentacle Tip","Epithelial Head Organizer","Endo Foot","Endo Mid SCs","Endo SCs","Endo Head","Endo Tentacle","Endo Tentacle Tip"
"MA1421.1 TCF7L1",0,0,0,0,0,0,0,0,0,0,0,0,0,0,0,0,0,0,0,0,0,0,0,0,0,0,0,0,0,0,0,0,0,0,0,0,0,0,0,0,0,0,0,0,0,0,1,0,0,0,0.989260017397307,0,0
"MA0523.1 TCF7L2",0,0,0,0,0,0,0,0,0,0,0,0,0,0,0,0,0,0,0,0,0,1,0,0,0,0,0,0,0,0,0,0,0,0,0,0,0,0,0,0,0,0,0,0,0,0,0,0,0,0,0.797194137119648,0,0
"MA0768.1 LEF1",0,0,0,0,1,0,0,0.914093744351702,0,0,0,0,0,0,0,0,0,0,0,0,0,0,0,0,0,0,0,0,0,0,0,0,0,0,0,0,0,0,0,0,0,0,0,0,0,0,0,0,0,0,0.799278332573092,0,0
"MA1545.1 OVOL2",0,0,0,0,0,0,0,0,0,0,0,0,0,0,0,0,0,0,0,0,0,0,0,0,0,0,0,0,0,0,0,0,0,0,0,0,0,0,0,0,0,0,0,0,0,1,0,0,0,0,0,0,0
"MA0105.4 NFKB1",0,0,0,0,0,0,0,0,0,0,0,0,0,0,0,0,0,0,0,1,0,0,0,0,0,0,0,0,0,0,0,0,0,0,0,0,0,0,0,0,0,0,0,0,0,0,0,0,0,0,0,0,0
"MA0624.1 NFATC1",0,0,0,0,0,0,0,0,0,0,0,0,0,0,0,0,0,0,0,0,0,0,0,0,0,0,0,0,0,0,0,0,0,0,0,0,0,0,1,0,0,0,0,0,0,0.89775303923182,0.929868446898748,0,0,0,0,0,0
"MA1525.1 NFATC4",0,0,0,0,0,0,0,0,0,0,0,0,0,0,0,0,0,0,0,0,0,0,0,0,0,0,0,0,0,0,0,0,0,0,0,0,0,0,1,0,0,0,0,0,0,0,0.969240939922872,0,0,0,0,0,0
"MA0469.3 E2F3",0,0,0,0.824914537475547,0,0,0,0,0,0,0,0,0,0,0,0,0,0,0,1,0,0,0,0,0,0,0,0,0,0,0,0,0,0,0,0,0,0,0,0,0,0,0,0,0,0,0.701608871593254,0,0,0,0,0,0
"MA0213.1 brk",0,0,0,0,0,0,0,0,0,0,0,0,0,0,0,0,0,0,0,0.964338463673086,0,0.971442304273619,0,0,1,0,0,0,0,0,0,0,0,0,0,0,0,0,0,0,0,0,0,0,0,0,0,0,0,0,0,0,0
"MA0864.2 E2F2",0,0.0420950360950642,0,0.226371395015028,0,0,0,0,0,0,0,0,0,0.0861822114633662,0,0,0,0,0,0.258682123117668,0,0,0,0,0,0,0,0,0,0,0,0,0,0,0,0,0,0,0,0,0,0,0,0,0,0,0.0407995415973321,0,0,0,0,0,0
"MA0502.2 NFYB",0,0,0,0,0,0.956333883941137,0.94768777734625,0,0,0,0,0,0,1,0,0,0,0,0,0,0,0,0,0,0,0,0,0,0,0,0,0,0,0,0,0,0,0,0,0,0,0,0,0,0,0,0,0,0,0,0,0,0
"MA1529.1 NHLH2",0,0,0,0,0,0,0.596416449951975,0,0.592611788915606,0.661095188074387,0,0,0.614700101113326,0.769391095429228,0,0,0,0,0,0.741968528573957,0.728720841305344,0.774085330651876,1,0.858860808088593,0.965910429609715,0.808830982844568,0.901835175545294,0.884978534206125,0,0,0,0.845224885460308,0,0,0,0,0.750294033827565,0,0,0,0,0,0,0,0,0,0,0,0,0,0,0,0
"MA1148.1 PPARA::RXRA",0,0,0,0,0,0,0,0,0,0,0,0,0,0,0,0,0,0,0,1,0,0,0,0,0,0,0,0,0,0,0,0,0,0,0,0,0,0,0,0,0,0,0,0,0,0,0,0,0,0,0,0,0
"MA0506.1 NRF1",0,0,0,0,0.938289486187869,0.998212549241998,0.895956857626623,0.939617363973436,0.913672082562398,0.944209253472214,0,0,0,1,0,0,0,0,0,0.914786960211156,0,0,0,0,0,0,0,0,0,0,0,0,0,0,0,0,0,0,0,0,0,0,0,0,0,0,0,0,0,0,0,0,0
"MA1107.2 KLF9",0,0,0,0,0,0,0,0,0,0,0,0,0,0,0,0,0,0,0,1,0,0,0,0,0,0,0,0,0,0,0,0,0,0,0,0,0,0,0,0,0,0,0,0,0.434360763678349,0,0,0,0,0,0,0,0
"MA1515.1 KLF2",0,0,0,0,0,0,0,0,0,0,0,0,0,0,0,0,0,0,0,0.44406924458979,0,0,0,1,0,0,0,0,0,0,0,0,0,0,0,0,0,0,0,0.493598184027221,0,0,0,0,0.393578209473117,0,0.385154066189217,0,0,0,0,0,0
"MA0039.4 KLF4",0,0,0,0,0,0,0,0,0,0,0,0,0,0,0,0,0,0,0,0,0,0,0,0,0,0,0,0,0,0,0,0,0,0,0,0,0,0,0,0,0,0,0,0,1,0,0,0,0,0,0,0,0
"MA0599.1 KLF5",0,0,0,0,0,0,0,0,0,0,0,0,0,0,0,0,0,0,0,0,0,0,0,0.905175706719688,0,1,0,0,0,0,0,0,0,0,0,0,0,0,0,0,0,0,0,0,0,0,0,0,0,0,0,0,0
"MA0740.1 KLF14",0,0,0,0,0,0,0,0,0,0,0,0,0,0,0,0,0,0,0,0,0,0,0,0,1,0,0,0,0,0,0,0,0,0,0,0,0,0,0,0,0,0,0,0,0.702136542722967,0,0,0,0,0,0,0.741977754155878,0
"MA0746.2 SP3",0,0,0,0,0,0,0,0,0,0,0,0,0,0,0,0,0,0,0,0,0,0,0,0,0.328235177279362,0,1,0,0,0,0,0,0,0,0,0,0,0,0,0.940287272639708,0.44715189112408,0,0,0,0.462706575583592,0,0.458240362618088,0,0,0,0,0.494638675139485,0
"MA0742.1 Klf12",0,0,0,0,0,0,0,0,0,0,0,0,0,0,0,0,0,0,0,0,0,0,0,0,0,0,0,0,0,0,0,0,0,0,0,0,0,0,0,1,0,0,0,0,0,0,0.388291927131328,0,0,0,0,0,0
"MA1517.1 KLF6",0,0,0,0,0,0,0,0,0,0,0,0,0,0,0,0,0,0,0,0.86502596176018,0,0,0,1,0.993795923359888,0,0,0,0,0,0,0,0,0,0,0,0,0,0,0,0,0,0,0,0,0,0,0,0,0,0,0,0
"MA0443.1 btd",0,0,0,0,0,0,0,0,0,0,0,0,0,0,0,0,0,0,0,0,0.784348771744139,0,0,0.907320582010664,1,0,0.896044216656497,0,0,0,0,0,0,0,0,0,0,0,0,0.851024514611401,0,0,0,0,0,0,0.689236089892785,0,0,0,0,0,0
"MA0450.1 hkb",0,0,0,0,0,0,0,0,0,0,0,0,0,0.910421930174378,0,0,0,0,0,0.8363694005402,0,0,0,0,1,0,0,0,0,0,0,0,0,0,0,0,0,0,0,0,0,0,0,0,0,0,0,0,0,0,0,0,0
"MA0493.1 Klf1",0,0,0,0,0,0,0,0,0,0,0,0,0,0,0,0,0,0,0,0.197237709501659,0,0,0,0.693405617251419,0.965695260687746,0,0,0,0,0,0,0,0,0,0,0,0,0,0,0.964058530635985,0.686769638877113,0,0,0.180682607669324,0.523531183691814,0,0.677220336253828,0,0,0,0.332970538684556,0.372947803500166,0
"MA0685.1 SP4",0,0,0,0,0,0,0,0,0,0,0,0,0,0,0,0,0,0,0,0,0,0.911507380860103,0,0,1,0,0,0,0,0,0,0,0,0,0,0,0,0,0,0.958348403514644,0,0,0,0,0,0,0,0,0,0,0,0.77056709103233,0
"MA1513.1 KLF15",0,0,0,0.279101010221133,0,0,0,0,0,0,0,0,0,0,0,0,0,0,0,0.302686862046754,0,0,0,0,0,0,0,0,0,0,0,0,0,0,0,0,0,0,0,0,0,0,0,0,0,0,0,0,0,0,0,0,0
"MA1571.1 TGIF2LX",0,0,0,0,0,0,0,0,0,0,0,0,0,0,0,0,0,0,0,1,0,0,0,0,0,0,0,0,0,0,0,0,0,0,0,0,0,0,0,0,0,0,0,0,0,0,0,0,0,0,0,0,0
"MA0783.1 PKNOX2",0,0,0,0,0,0,0,0,0,0,0,0,0,0,0,0,0,0,0,0.824797881882408,0,0,1,0,0.959337922266913,0,0,0,0,0,0,0,0,0,0,0,0,0,0,0,0,0,0,0,0,0,0,0,0,0,0,0,0
"MA0797.1 TGIF2",0,0,0,0,0,0,0,0,0,0,0,0,0,0,0,0,0,0,0,0.748525968817764,0,0,0,0,1,0,0,0,0,0,0,0,0,0,0,0,0,0,0,0,0,0,0,0,0,0,0,0,0,0,0.615538770686321,0,0
"MA0796.1 TGIF1",0,0,0,0,0,0,0,0,0,0,0,0,0,0,0,0,0,0,0,0,0,0,0,0,0,0,0,0,0,0,0,0,0,0,0,0,0,0,0,0,0,0,0,0,0,0,1,0,0,0,0.938618342314389,0,0
"MA0163.1 PLAG1",0,0,0,0,0,0,0,0,0,0,0,0,0,0,0,0,0,0,0,1,0,0,0,0,0,0,0,0,0,0,0,0,0,0,0,0,0,0,0,0,0,0,0,0,0,0,0,0,0,0,0,0,0
"MA1616.1 Prdm15",0,0,0,0.778307685751823,0,0,0,0,0,0,0,0,0,0,0,0,0,0,0,1,0,0,0,0,0,0,0,0,0,0,0,0,0,0,0,0,0,0,0,0,0,0,0,0,0,0,0,0,0,0,0,0,0
"MA0798.2 RFX3",0,0,0.748160472089781,0,0,0,0,0,0,0,0,0,0,0,0.705017913287547,0,0,0.659300091229699,0.667349303428088,0,0,0,0,0,0,0,0,0,0,0.84019207029272,1,0,0,0,0,0,0.449534154188223,0.623509039290902,0.230011249166554,0.129791447311652,0,0,0,0,0,0.105725450928442,0,0,0,0,0,0,0
"MA0909.2 HOXD13",0,0,0,0,0,0,0,0,0,0,0,0,0,0,0,0,0,0,0,0,0,1,0,0,0,0,0,0,0,0,0,0,0,0,0,0,0,0,0,0,0,0,0,0,0,0,0,0,0,0,0,0,0
"MA0596.1 SREBF2",0,0,0,0,0,0,0,0,0,0,0,0,0,0,0,0,0,0,0,0,0,0,0,0,0,0,0,0,0,0,0,0,0,0,0,0,0,0,0,0,0,0,0,0,0,0,0,0,0,0,1,0,0
"MA0595.1 SREBF1",0,0,0,0,0,0,0,1,0,0,0,0,0,0,0,0,0,0,0,0,0,0,0,0,0,0,0,0,0,0,0,0,0,0,0,0,0,0,0,0,0,0,0,0,0,0,0,0,0,0,0.821316277149948,0,0
"MA0810.1 TFAP2A(var.2)",0,0,0,0,0,0,0,0,0,0,0,0,0,0,0,0,0,0,0,1,0,0,0,0,0,0,0,0,0,0,0,0,0,0,0,0,0,0,0,0,0,0,0,0,0,0,0,0,0,0,0,0,0
"MA1630.1 Znf281",0,0,0,0.494928642119352,0,0,0,0,0,0,0,0,0,0,0,0,0,0,0,1,0,0,0,0,0,0,0,0,0,0,0,0,0,0,0,0,0,0,0,0,0,0,0,0,0,0,0,0,0,0,0,0,0
"MA1578.1 VEZF1",0,0,0,0,0,0,0,0,0,0,0,0,0,0,0,0,0,0,0,0,0,0,0,1,0,0,0,0,0,0,0,0,0,0,0,0,0,0,0,0,0,0,0,0,0,0,0,0,0,0,0,0,0
"MA1650.1 ZBTB14",0,0,0,0.927562204724986,1,0,0,0.979362913602436,0,0,0,0,0,0,0,0,0,0,0,0.929949411651504,0,0,0,0,0,0,0,0,0,0,0,0,0,0,0,0,0,0,0,0,0,0,0,0,0,0,0,0,0,0,0,0,0
"MA0527.1 ZBTB33",0,0,0,0.84756581691669,0,0,0,0,0,0,0,0,0,0,0,0,0,0,0,1,0,0,0,0,0,0,0,0,0,0,0,0,0,0,0,0,0,0,0,0,0,0,0,0,0,0,0,0,0,0,0,0,0
"MA1700.1 Clamp",0,0,0,0,0,0,0,0,0,0,0,0,0,0,0,0,0,0,0,1,0,0,0,0,0,0,0,0,0,0,0,0,0,0,0,0,0,0,0,0,0,0,0,0,0,0,0,0,0,0,0,0,0
"MA1583.1 ZFP57",0,0,0,0.883406227561472,0,0,0,0,0,0,0,0,0,0,0,0,0,0,0,1,0,0,0,0,0,0,0,0,0,0,0,0,0,0,0,0,0,0,0,0,0,0,0,0,0,0,0,0,0,0,0,0,0
"MA1596.1 ZNF460",0,0,0,0,0,0,0,0,0.884044444952681,0.90176952889842,0,0,0,0,0,0,0,0,0,1,0,0,0,0,0,0,0,0,0,0,0,0,0,0,0,0,0,0,0,0,0,0,0,0,0,0,0,0,0,0,0,0,0
"MA0655.1 JDP2",0,0,0,0,0,0,0,0,0,0,0,0,0,0,0,0.927413676789718,0,0,0.113487981750207,0,0,0,0,0,0,0,0,0,0,0,0,0,0,0,0,0,0,0,0,0.990065659301466,0.578303312228821,0,0.463010030369392,0.262483629067541,0,0.44793830504705,0.101847033327771,0,0,0,0,0,0.0376395955916462
"MA1101.2 BACH2",0,0,0,0,0,0,0,0,0,0,0,0,0,0,0,0,0,0,0,0,0,0,0,0,0,0,0,0,0,0,0,0,0,0,0,0,0,0,0,1,0.654072279286066,0,0,0,0,0,0,0,0,0,0,0,0
"MA1622.1 Smad2::Smad3",0,0,0,0,0,0,0,0,0,0,0,0,0,0,0,1,0,0,0,0,0,0,0,0,0,0,0,0,0,0,0,0,0,0,0,0,0,0,0,0,0.668681102784055,0,0,0,0,0,0,0,0,0,0,0,0
"MA1654.1 ZNF16",0,0,0,0,0,0,0,0,0,1,0,0,0,0,0,0,0,0,0,0,0,0,0,0,0,0,0,0,0,0,0,0,0,0,0,0,0,0,0,0,0,0,0,0,0,0,0,0,0,0,0,0,0
"MA0528.2 ZNF263",0,0,0,0,0,0,0,0,0,0,0,0,0,0,0,0,0,0,0,1,0,0,0,0,0,0,0,0,0,0,0,0,0,0,0,0,0,0,0,0,0,0,0,0,0,0,0,0,0,0,0,0,0
"MA1655.1 ZNF341",0,0,0,0,0,0,0,0,0.823046283955545,0,0,0,0,0,0,0,0,0,0,0.945763965687769,0,0,0,0,1,0,0,0,0,0,0,0,0,0,0,0,0,0,0,0,0,0,0,0,0,0,0,0,0,0,0,0,0
"MA0531.1 CTCF",0,0,0,0,0,0,0,0,0,0,0,0,0,0,0,0,0,0,0,1,0,0,0,0,0,0,0,0,0,0,0,0,0,0,0,0,0,0,0,0,0,0,0,0,0,0,0,0,0,0,0,0,0
"MA0139.1 CTCF",0,0,0,0,0,0,0,0,0,0,0,0,0,0,0,0,0,0,0,1,0,0,0,0,0,0,0,0,0,0,0,0,0,0,0,0,0,0,0,0,0,0,0,0.730032138416754,0,0,0,0,0,0,0,0,0
"MA0867.2 SOX4",0,0,0,0,0,0,0,0,0,0,0,0,0,0,0,0,0,0,0,1,0,0,0,0,0,0,0,0,0,0,0,0,0,0,0,0,0,0,0,0,0,0,0,0,0,0,0.361597282521976,0,0,0,0,0,0
"MA1152.1 SOX15",0,0,0,0,0,0,0,0,0,0,0,0,0,0,0,0,0,0,0,0.995700103078548,0,0,0,0,0,0,0,0,0,0,0,0,0,0,0,0,0,0,0,0,0,0,0,0.937452054397846,0.397447910685756,0.359208718988425,0.394329325442408,0,0,0,0,0,0
"MA0442.2 SOX10",0,0,0,0,0,0,0,0,0,0,0,0,0,0,0,0,0,0,0,0.824350900954058,0,0.826952813677775,1,0,0,0,0,0.965792736626177,0,0,0,0,0,0,0,0,0,0,0,0,0,0,0,0,0,0,0.670814155025464,0,0,0,0,0,0
"MA0445.1 D",0,0,0,0,0,0,0,0,0,0,0,0,0,0,0,0,0,0,0,0.855128414682835,0,0.880520013630309,0,0,1,0.968508441791237,0.965660070931867,0,0,0,0,0,0,0,0,0,0,0,0,0,0,0,0,0,0,0,0.671057431049974,0,0,0,0,0,0
"MA0774.1 MEIS2",0,0,0,0,0,0,0,0,0,0,0,0,0,0,0,0,0,0,0,0,0,0,0,0,0,0,0,0,0,0,0,0,0,0,0,0,0,0,0,0,0,0,0,0,0,0,0,1,0,0.984695233383532,0.918588841340367,0.973359553175535,0
"MA0222.1 exd",0,0,0,0,0,0,0,0,0,0,0,0,0,0,0,0,0,0,0,0,0,0,0,0,0,0,0,0,0,0,0,0,0,0,0,0,0,0,0,0,0,0,0,0,0,0,1,0,0,0,0.978498293921863,0,0
"MA0022.1 dl",0,0,0,0,0,0,0,0,0,0,0,0,0,0,0,0,0,0,0,1,0,0,0,0,0,0,0,0,0,0,0,0,0,0,0,0,0,0,0,0,0,0,0,0,0,0,0.810476895241724,0,0,0,0,0,0
"MA0101.1 REL",0,0,0,0,0,0,0,0,0,0,0,0,0,0,0,0,0,0,0,0,0,0,0,0,0,0,0,0,0,0,0,0,0,0,0,0,0,0,0,0,0,0,0,0,0,1,0,0,0,0,0,0,0
"MA0750.2 ZBTB7A",0,0,0,0,0,0,0,0,0,0,0,0,0,0,0,0,0,0,0,1,0,0,0,0,0,0,0,0,0,0,0,0,0,0,0,0,0,0,0,0,0,0,0,0,0,0.867612705849003,0,0,0,0,0,0,0
"MA0098.3 ETS1",0,0,0,0,0,0,0,0,0,0,0,0,0,0,0,0,0,0,0,0,0,0,0,0,0.0431297479348255,0.380952380952381,0,0,0,0,0,0,0,0,0,0,0,0,0.894633428624587,0.177172786296562,0,0,0.119481559848195,0.119628121942818,0.792764860304888,0.867636249127408,0.830336495351059,0.552198265171371,0,0,0.357055308335867,0.835783883760561,0.885850127374494
"MA0640.2 ELF3",0,0,0,0,0,0,0,0,0,0,0,0,0,0,0,0,0,0,0,0,0,0,0,0,0,0,0,0,0,0,0,0,0,0,0,0,0,0,0.999400289541669,0,0,0,0,0,0.667018105051112,0.946787761230307,0,0,0,0,0,0.237932734177069,0
"MA1508.1 IKZF1",0,0,0,0,0,0,0,0,0,0,0,0,0,0,0,0,0,0,0,0,0,0,0,0,0,0,0,0,0,0,0,0,0,0,0,0,0,0,0,0,0,0,0,0,0,0.914956381106441,0.92980621260873,0,0,0,0,0,1
"MA0917.1 gcm2",0,0,0,0,0,0,0,0,0,0,0,0,0,0,0,0,0,0,0,1,0,0,0,0,0,0,0,0,0,0,0,0,0,0,0,0,0,0,0,0,0,0,0,0,0,0,0,0,0,0,0,0,0
"MA0526.3 USF2",0,0,0,0,0,0,0,0,0,0,0,0,0,0,0,0,0,0,0,1,0,0,0,0,0,0,0,0,0,0,0,0,0,0,0,0,0,0,0,0,0,0,0,0,0,0,0,0,0,0,0,0,0
"MA1560.1 SOHLH2",0.886161303748229,0,0,0.435554433423807,0.57485688080533,0,0,0.0426047719157796,0,0,0,0,0,0,0,0,0,0,0,0.982559901367986,0,0,0,0,0,0,0,0,0,0,0,0,0,0,0,0,0,0,0,0,0,0,0,0,0,0,0,0,0,0,0.0746305068242314,0,0
"MA0663.1 MLX",0.199466331906541,0,0,0,0,0,0,0,0,0,0,0,0,0,0,0,0,0,0,0,0,0,0,0,0,0,0,0,0,0,0,0,0,0,0,0,0,0,0,0,0,0,0,0,0,0,0,0,0,0,1,0,0
"MA1493.1 HES6",0,0,0,0,0,0,0,0,0,0,0,0,0,0,0,0,0,0,0,1,0,0,0,0.924139829561571,0.958358179916419,0,0,0,0,0,0,0,0,0,0,0,0,0,0,0,0,0,0,0,0,0,0,0,0,0,0,0,0
"MA0831.2 TFE3",1,0,0,0,0,0,0,0,0,0,0,0,0,0,0,0,0,0,0,0,0,0,0,0,0,0,0,0,0,0,0,0,0,0,0,0,0,0,0,0,0,0,0,0,0,0,0,0,0,0,0,0,0
"MA0030.1 FOXF2",0,0,0,0,0,0,0,0,0,0.87944951520914,0,0.470729432525878,0.90059325509673,1,0,0,0,0,0,0,0,0,0,0,0,0,0,0,0,0,0,0,0,0,0,0,0,0,0,0,0,0,0,0,0,0,0,0,0,0,0.392045525713798,0,0
"MA0148.4 FOXA1",0,0,0,0,0,0,0,0,0,0,0,0,0,0,0,0,0,0,0,0,0,0,0,0,0,0,0,0,0,0,0,0,0,0,0,0,0,0,0,0,0,0,0,0,0,0,0,0,1,0.678263433367821,0.67726142121063,0,0
"MA0845.1 FOXB1",0,0,0,0,0,0,0,0,0,0,0,0,0,0,0,0,0,0,0,0,0,0,0,0,0,0,0,0,0,0,0,0,0,0,0,0,0,0,0,0,0,0,0,0,0,0,0.639154820917868,0.674076573847681,1,0.693683926981703,0.657883088256165,0.700746457938398,0.705173553980075
"MA0481.3 FOXP1",0,0,0,0,0,0,0,0,0,0,0,0,0.863811175691932,0.670089667923772,0,0,0,0,0,0,0,0,0,0,0,0,0,0.114458789327795,0,0,0,0,0,0,0,0,0,0,0,0,0,0,0,0,0,0,0,0,0.5,0.808858380683706,0.811348721000371,0.828383946443243,0.698841935745576
"MA0480.1 Foxo1",0,0,0,0,0,0,0,0,0.965691673210449,1,0,0,0.992662844157976,0,0,0,0,0,0,0,0,0,0,0,0,0,0,0,0,0,0,0,0,0,0,0,0,0,0,0,0,0,0,0,0,0,0,0,0,0,0,0,0
"MA1446.1 daf-16",0,0,0,0,0,0,0,0,0,0,0,0,1,0,0,0,0,0,0,0,0,0,0,0,0,0,0,0,0,0,0,0,0,0,0,0,0,0,0,0,0,0,0,0,0,0,0,0,0,0,0.893351655787017,0.302384888981081,0
"MA0458.1 slp1",0,0,0,0,0,0,0,0,0,0,0,0,1,0,0,0,0,0,0,0,0,0,0,0,0,0,0,0,0,0,0,0,0,0,0,0,0,0,0,0,0,0,0,0,0,0,0.907629343326119,0.936663728462987,0,0,0.920142887416681,0,0
"MA1440.1 fkh-9",0,0,0,0,0,0,0,0,0,0,0,0,0,0,0,0,0,0,0,0,0,0.790029043365695,0,0,0.928670159393197,0.879122358018939,0.923250680614929,0,1,0,0,0,0,0,0,0,0,0,0.626509673123914,0,0,0,0,0,0,0.588704362440922,0.641355475689303,0,0,0,0,0,0
"MA0446.1 fkh",0,0,0,0,0,0,0,0,0,0,0,0,0,0,0,0,0,0,0,0,0,0,0,0,0,0,0,0,0,0,0,0.675241658572927,0.867464642538774,0,1,0,0.616657379392331,0,0,0,0,0,0,0,0,0,0.496724828782396,0.512495093053651,0.752537391931978,0.495187243391139,0.498063086528551,0.494915400857382,0.499542020515031
"MA0157.2 FOXO3",0,0,0,0,0,0,0,0,0,0.383974173065256,0,0,0.754032418068439,0,0,0,0,0,0,0,0,0,0,0,0,1,0,0,0,0,0,0,0,0,0,0,0,0,0,0,0,0,0,0,0,0,0,0,0,0.355294521798846,0.365138332325545,0,0
"MA0593.1 FOXP2",0,0,0,0,0,0,0,0,0,0,0,0,0.5,0.5,0,0,0,0,0,0,0,0,0,0,0,0,0,0,0,0,0,0,0,0,0,0,0,0,0,0,0,0,0,0,0,0,0,0,0,0.88515190309293,0.854196602145006,0,0
"MA0092.1 Hand1::Tcf3",0,0,0,0,0,0,0,0,0,0,0,0,0,0,0,0,0,0,0,0.703802242117156,0,0,0,0,0.87550900190212,0,0.869692432634065,0,1,0,0,0,0,0,0,0,0,0,0,0,0,0,0,0,0,0,0,0,0,0,0,0,0
"MA1459.1 M1BP",0,0,0,0,1,0,0,0,0.906229031712651,0,0,0,0,0,0,0,0,0,0,0.972427163565799,0,0,0,0,0,0,0,0,0,0,0,0,0,0,0,0,0,0,0,0,0,0,0,0,0,0,0,0,0,0,0,0,0
"MA0535.1 Mad",0,0,0,0,0,0,0,0,0,0,0,0,0,0,0,0,0,0,0,1,0,0,0,0,0,0,0,0,0,0,0,0,0,0,0,0,0,0,0,0,0,0,0,0,0,0,0,0,0,0,0,0,0
"MA0454.1 odd",0,0,0,0,0,0,0,0,0,0,0,0,0,0,0,0,0,0,0,1,0,0,0,0,0,0,0,0,0,0,0,0,0,0,0,0,0,0,0,0,0,0,0,0,0,0,0,0,0,0,0,0,0
"MA1646.1 OSR2",0,0,0,0,0,0,0,0,0,0,0,0,0,0,0,0,0,0,0,0.929083410004209,0,0,0,1,0,0,0,0,0,0,0,0,0,0,0,0,0,0,0,0,0,0,0,0.791166005805809,0,0,0,0,0,0,0,0,0
"MA0060.3 NFYA",0,0,0,0,0,0.284086361414843,0.285036866853728,0,0.129590611438032,0.134343947106551,0,0,0,0,0,0,0,0,0,0.275481256330702,0,0,0,0,0.309140727169602,0,0,0,0,0,0,0,0,0,0,0,0,0,0,0,0,0,0,0,0,0,0,0,0,0,0,0,0
"MA0696.1 ZIC1",0,0,0,0,0,0.992529088972488,0.932175703397064,0.905279688136097,0.966374028499249,0.963331255953631,0,0,0.434013549193489,0.964506703312426,0,0,0,0,0,0.901145957839482,0,0,0,0,0,0,0,0,0,0,0,0,0,0,0,0,0,0,0,0,0,0,0,0.971681349238858,0.361736717768961,0,0,0,0,0,0,0,0
"MA1629.1 Zic2",0,0,0,0,0,0,0.190841285262067,0.367579506266009,0.936826984235297,0.955331178351993,0,0,0.157064730111085,0.189600474800307,0,0,0,0,0,0.886573052856539,0.172919027998972,0,0,0,0.2,0,0,0,0,0,0,0,0,0,0,0,0,0,0,0,0,0,0,0.933932507503053,0,0.134874935810313,0.28745800447078,0,0,0,0,0,0
"MA0673.1 NKX2-8",0,0,0,0,0,0,0,0,0,0,0,0,0,0,0,0,0,0,0,1,0,0,0,0,0,0,0,0,0,0,0,0,0,0,0,0,0,0,0,0,0,0,0,0,0,0,0,0.857995949813766,0,0,0,0,0
"MA0253.1 vnd",0,0,0,0,0,1,0,0,0,0,0,0.937736294490509,0,0,0,0,0,0,0,0,0,0,0,0,0,0,0,0,0,0,0,0,0,0,0,0,0,0,0,0,0,0,0,0,0,0,0,0.784371965244382,0,0,0,0,0
"MA1647.1 PRDM4",0,0,0,0,0,0,0.911764810485276,0.837249573551363,0.878675169672297,0.905427699987299,0,0,0.806202217833138,1,0,0,0,0,0,0,0,0,0,0,0,0,0,0,0,0,0,0,0,0,0,0,0,0,0,0,0,0,0,0,0,0,0,0,0,0,0,0.761860961447887,0
"MA0748.2 YY2",0,0,0,0.891994915203338,0,0,0,0,0,0,0,0,0,0,0,0,0,0,0,1,0,0,0,0,0,0,0,0,0,0,0,0,0,0,0,0,0,0,0,0,0,0,0,0,0,0,0,0,0,0,0,0,0
"MA0095.2 YY1",0.821933640996596,0,0,0.92396914973102,0,0,0,0,0,0,0,0,0,0,0,0,0,0,0,1,0,0,0,0,0,0,0,0,0,0,0,0,0,0,0,0,0,0,0,0,0,0,0,0,0,0,0,0,0,0,0,0,0
"MA0808.1 TEAD3",0,0,0,0,0,0,0,0,0,0,0,0,0,0,0,0,0,0,0,0,0,0,0,0,0,0,0,0,0,0,0,0,0,0,0,0,0,0,0,0,0,0,0,0,1,0.967664801065644,0,0,0,0,0,0,0
"MA1121.1 TEAD2",0,0,0,0,0,0,0,0,0,0,0,0,0,0,0,0,0,0,0,0,0,0,0,0,0,0,0,0,0,0,0,0,0,0,0,0,0,0,0,0,0,0,0,0,0,0,0,0,0,0,0,0,1
"MA0521.1 Tcf12",0,0,0,0,0.109105427751771,0.0457497277902736,0.164986533692331,0.0673261316091713,0.374975409319696,0.561136605108055,0,0.0216255137597015,0.54548629533591,0.629486066819091,0,0,0,0,0,0.713791685161532,0.6406322145497,0.704432062686562,0.972805839395664,0.800895711597769,0.860169973589591,0.648249343668115,0.827957383905573,0.885164147646212,0.835706554538834,0,0,0.396816101591999,0.334651023005972,0.070123337296349,0.426470614365715,0.0250898482149905,0.649680990964697,0.0394043749375989,0,0,0,0,0,0,0,0,0,0,0,0,0,0,0
"MA0744.2 SCRT2",0,0,0,0,0,0.40665951356975,0.823563816319615,0.392647416146967,0.818091447534034,0.868978384074006,0,0,0.768205110078523,0.436266802846994,0,0,0,0,0,1,0,0,0,0,0,0,0,0,0,0,0,0,0,0,0,0,0,0,0,0,0,0,0,0,0,0,0,0,0,0,0,0,0
"MA0532.1 Stat92E",0,0,0,0,0,0,0,0,0,0,0,0,0,0,0,0,0,0,0,1,0,0,0,0,0,0,0,0,0,0,0,0,0,0,0,0,0,0,0,0,0,0,0,0,0,0,0,0,0,0,0,0,0
"MA1601.1 ZNF75D",0,0,0,0,0,0,0,0,0,0,0,0,0,0,0,0,0,0,0,1,0,0,0,0,0,0,0,0,0,0,0,0,0,0,0,0,0,0,0,0,0,0,0,0,0,0,0,0,0,0,0,0,0
"MA0467.1 Crx",0,0,0,0,0,0,0,0,0,0,0,0,0,0,0,0,0,0,0,0,0,0,0,0,0,0,0,0,0,0,0,0,0,0,0,0,0,0,0,1,0.269792447019952,0,0,0.771032507557213,0.602883458020619,0.289521560714107,0.638093575087705,0,0,0,0.295768620867195,0,0.30040570753136
"MA0069.1 PAX6",0,0,0,0,0.850456601152748,1,0.907045324686089,0.854735515389249,0.848041262021981,0.807730864576861,0.719564016869612,0.860132384782572,0.756015796315726,0.896057306562185,0,0,0,0,0,0,0,0,0,0,0,0,0,0,0,0,0,0,0,0,0,0,0,0,0,0,0,0,0,0,0,0,0,0,0,0,0,0,0
"MA1618.1 Ptf1a",0,0,0,0,0,0,0,0,0,0.151993814882982,0,0,0.186861608708237,0.311369461524064,0,0,0,0,0,0.655032297288477,0.624162830896964,0.698023035268688,0.927900345977467,0.896273019252618,0.879838342040503,0.614038114412043,0.97352051193725,0.90505365544511,0.983044317044337,0,0,0.050065848011454,0.06114230973916,0,0.127076804679344,0,0.231393938175869,0,0,0,0,0,0,0,0,0,0,0,0,0,0,0,0
"MA1108.2 MXI1",0.812417247615308,0,0,0,0,0,0,0,0,0,0,0,0,0,0,0,0,0,0,1,0,0,0,0,0,0,0,0,0,0,0,0,0,0,0,0,0,0,0,0,0,0,0,0,0,0,0,0,0,0,0,0,0
"MA1570.1 TFAP4(var.2)",0.14572386118991,0,0,0,0,0,0,0,0,0,0,0,0,0,0,0,0,0,0,0.845203868203384,0,0.160735343924539,0.219558983054348,0.969168456528354,0.66112351773999,0,0.976521386857395,0,0,0,0,0,0,0,0,0,0,0,0,0,0,0,0,0,0,0,0,0,0,0,0,0,0
"MA0067.1 Pax2",0,0,0,0,0,0,0,0,1,0,0,0,0,0,0,0,0,0,0,0,0,0,0,0,0,0,0,0,0,0,0,0,0,0,0,0,0,0,0,0,0,0,0,0,0,0,0,0,0,0,0,0,0
"MA0014.3 PAX5",0,0,0,0,0.977116999607483,1,0.939367068760047,0.999019636680769,0.999939037791177,0.920208470483587,0,0.94911170825085,0,0,0,0,0,0,0,0.862399587427943,0,0,0,0,0,0,0,0,0,0,0,0,0,0,0,0,0,0,0,0,0,0,0,0,0,0,0,0,0,0,0,0,0
"MA1462.1 vfl",0,0,0,0,0,0,0,0,0,0,0,0,1,0,0,0,0,0,0,0,0,0,0,0,0,0,0,0,0,0,0,0,0,0,0,0,0,0,0,0,0,0,0,0,0,0,0,0,0,0,0,0,0
"MA0255.1 z",0,0,0,0,0,1,0.980646202708427,0.972653996741732,0.963612865644786,0.901406173209952,0,0.91891684167031,0.855683830470739,0,0,0,0,0,0,0.963887402708792,0,0,0,0,0,0,0,0,0,0,0,0,0,0,0,0,0,0,0,0,0,0,0,0,0,0,0,0,0,0,0,0,0
"MA1133.1 JUN::JUNB(var.2)",0,0,0,0,0,0,0,0,0,0,0,0,0,0,0,0,0,0,0,0,0,0,0,0,0,0,0,0,0,0,0,0,0,0,0,0,0,0,0,0,0,0,0,0,0,0,1,0,0,0,0,0,0
"MA1126.1 FOS::JUN(var.2)",0,0,0,0,0,0,0,0,0,0,0,0,0,0,0,0,0,0,0,0,0,0,0,0,0,0,0,0,0,0,0,0,0,0,0,0,0,0,0,0,0,0,0,0,0,0.940675610591627,0,0,0,0,0,0,1
"MA0656.1 JDP2(var.2)",0,0,0,0,0,0,0,0,0,0,0,0,0,0,0,0,0,0,0,0,0,0,0,0,0,0,0,0,0,0,0,0,0,0,0,0,0,0,0,0,0.974076364995081,0,0,0,0,0.971475710221153,0.992959929276636,0.5,0,0,0,0,0
"MA0605.2 ATF3",0,0,0,0,0,0,0,0,0,0,0,0,0,0,0,0,0,0,0,0,0,0,0,0,0,0,0,0,0,0,0,0,0,0,0,0,0,0,0.931095553729913,0,0,0,0,0,0,0.93645551430986,0.985889155715248,0,0,1,0,0,0
"MA1704.1 zip-8",0,0,0,0,0,0,0,0,0,0,0,0,0,0,0,0,0,0,0,0,0.0588664314820653,0,0,0,0,0,0,0,0,0,0,0,0,0,0,0,0,0,0.723663335678366,0.857142857142857,0.695166173044876,0.0582537026767583,0,0.420591331400071,0,0.712121814527969,0.741468729040859,0.158762199637778,0,0.327394005733579,0.382460518556742,0,0.828449489645107
"MA1136.1 FOSB::JUNB(var.2)",0,0,0,0,0,0,0,0,0,0,0,0,0,0,0,0,0,0,0,0,0,0,0,0,0,0,0,0,0,0,0,0,0,0,0,0,0,0,1,0,0.988629246783179,0,0,0,0,0,0.99068383152008,0,0,0,0,0,0
"MA0051.1 IRF2",0,0,0,0,0,0,0,0,0,0,0,0,0,0,0,0,0,0,0,1,0,0,0,0,0,0,0,0,0,0,0,0,0,0,0,0,0,0,0,0,0,0,0,0,0,0,0,0,0,0,0,0,0
"MA0772.1 IRF7",0,0,0,0,0,1,0,0,0.818535467086243,0.832401231181812,0,0,0.795528280146395,0.961518712569256,0,0,0,0,0,0,0,0,0,0,0,0,0,0,0,0,0,0,0,0,0,0,0,0,0,0,0,0,0,0,0,0,0,0,0,0,0,0,0
"MA1623.1 Stat2",0,0,0,0,0,0,0,0,0,0,0,0,0,0,0,0,0,0,0,0,0,0,0,0,0,0,0,0,0,0,0,0,0,0,0,0,0,0,0,0,0,0,0,0,0,0,1,0,0,0,0,0,0
"MA0537.1 blmp-1",0,0,0,0,0,0,0,0,0,0,0,0,0,0,0,0,0,0,0,0,1,0,0,0,0,0,0,0,0,0,0,0,0,0,0,0,0,0,0,0,0,0,0,0,0,0,0,0,0,0,0,0,0
"MA0653.1 IRF9",0,0,0,0,0,1,0,0,0,0,0,0,0,0,0,0,0,0,0,0,0,0,0,0,0,0,0,0,0,0,0,0,0,0,0,0,0,0,0,0,0,0,0,0,0,0,0,0,0,0,0.503813917398847,0,0.264354004931362
"MA1419.1 IRF4",0,0,0,0,0.957940337070671,1,0,0,0,0,0,0,0,0,0,0,0,0,0,0,0,0,0,0,0,0,0,0,0,0,0,0,0,0,0,0,0,0,0,0,0,0,0,0,0,0,0,0,0,0.763160534867138,0.740810878210483,0,0
"MA0538.1 daf-12",0,0,0,0,0,1,0.937429259453233,0.961547924401666,0.947653395614852,0.962340460488619,0,0,0.835443597888002,0.975858037073858,0,0,0,0,0,0.878690898037839,0,0,0,0,0,0,0,0,0,0,0,0,0,0,0,0,0,0,0,0,0,0,0,0,0,0,0,0,0,0,0,0,0
"MA0471.2 E2F6",0.192365811025544,0.141557508949141,0,0.22610657309408,0,0,0,0,0,0,0,0,0,0,0,0,0,0,0,0.243273520405474,0,0,0,0,0,0,0,0,0,0,0,0,0,0,0,0,0,0,0,0,0,0,0,0,0,0,0.057227839944509,0,0,0,0,0,0
"MA0766.2 GATA5",0,0,0,0,0,0,0,0,0,0,0,0,0,0,0,0,0,0,0,0,0,0,0,0.930479784333313,0,0,0,0,0,0,0,0,0,0,0,0,0,0,0,1,0,0,0,0,0,0,0,0,0,0,0,0,0
"MA0543.1 eor-1",0,0,0,0,0,0,0,0,0,0,0,0,0,0,0,0,0,0,0,1,0,0,0,0,0,0,0,0,0,0,0,0,0,0,0,0,0,0,0,0,0,0,0,0,0,0,0,0,0,0,0,0,0
"MA0242.1 Bgb::run",0,0,0,0,0,0,0,0,0,0,0,0,0,0,1,0,0,0,0,0.931416991854222,0,0,0,0,0,0,0,0,0,0,0,0,0,0,0,0,0,0,0,0,0,0,0,0,0,0,0.888419093830074,0,0,0,0,0,0
"MA0160.1 NR4A2",0,0,0,0,0,0,0,0,0,0,0,0,0,0,0,0,0,0,0,1,0,0,0,0,0,0,0,0,0,0,0,0,0,0,0,0,0,0,0,0,0,0,0,0,0,0,0,0,0,0,0,0,0
"MA1451.1 nhr-6",0,0,0,0,0,0,0,0,0,0,0,0,0,0,0,0,0,0,0,0,0,0,0,0,0,0,0,0,0,0,0,0,0,0,0,0,0,0,0,0,0,0,0,0,0,0,0,1,0,0,0,0,0
"MA0141.3 ESRRB",0,0,0,0,0,1,0,0,0.839718151859482,0,0,0,0,0,0,0,0,0,0,0,0,0,0,0,0,0,0,0,0,0,0,0,0,0,0,0,0,0,0,0,0,0,0,0,0,0,0,0,0,0,0,0,0
"MA0544.1 snpc-4",0,0,0,0,0,0,0,0,0,0,0,0,0,0,0,0,0,0,0,1,0,0,0,0,0,0,0,0,0,0,0,0,0,0,0,0,0,0,0,0,0,0,0,0,0,0,0.80475136830275,0,0,0,0,0,0
"MA0632.2 TCFL5",0.924370166303684,0,0,0.939031700564741,1,0.945472394972209,0,0.985186220653468,0.905964384239866,0,0,0,0,0.941026506516638,0,0,0,0,0,0.995236146859636,0,0,0,0,0,0,0,0,0,0,0,0,0,0,0,0,0,0,0,0,0,0,0,0,0,0,0,0,0,0,0,0,0
"MA1474.1 CREB3L4",0,0,0,0.777009432132035,1,0,0,0,0,0,0,0,0,0,0,0,0,0,0,0.817296004142839,0,0,0,0,0,0,0,0,0,0,0,0,0,0,0,0,0,0,0,0,0,0,0,0,0,0,0,0,0,0,0,0,0
"MA1466.1 ATF6",0,0,0,0,0,0,0,0,0,0,0,0,0,0,0,0,0,0,0,0,0,0,0,0,0,0,0,0,0,0,0,0,0,0,0,0,0,0,0,0,0,0,0,0,0,0,0,0,0,0,1,0,0
"MA0155.1 INSM1",0,0,0,0,0,0,0,0,0,0,0,0,0,0,0,0,0,0,0,0.815321707482634,0,0,0,0,1,0,0,0,0,0,0,0,0,0,0,0,0,0,0,0,0,0,0,0,0,0,0,0,0,0,0,0,0
"MA1637.1 EBF3",0,1,0,0,0,0,0,0,0,0,0,0,0,0,0,0,0,0,0,0,0,0,0,0,0,0,0,0,0,0,0,0,0,0,0,0,0,0,0,0,0,0,0,0,0,0,0,0,0,0,0,0,0
"MA0162.4 EGR1",0,0,0,0,0,0,0,0,0,0.963882462532325,0,0,0,0,0,0,0,0,0,1,0,0,0,0,0,0,0,0,0,0,0,0,0,0,0,0,0,0,0,0,0,0,0,0,0,0,0,0,0,0,0,0,0
"MA1565.1 TBX18",0,0,0,0,0,0,0,0.327825423911575,0,0.333333333333333,0,0,0,0,0,0,0,0,0,0.986034630966058,0,0,0,0,0,0,0,0,0,0,0,0,0,0,0,0,0,0,0,0,0,0,0,0,0,0,0.283430742922933,0,0,0,0,0,0
"MA0806.1 TBX4",0,0,0,0,0,0,0,0,0,0.379410998085321,0,0,0,0,0,0,0,0,0,0.39103371588683,0,0,0,0,1,0,0,0,0,0,0,0,0,0,0,0,0,0,0,0,0,0,0,0,0,0,0.322772067303077,0,0,0,0,0,0
"MA0690.1 TBX21",0,0,0,0,0,0,0,0,0,0,0,0,0,0,0,0,0,0,0,0,0,0,0,0,0,0,0,0,0,0,0,0,0,0,0,0,0,0,0,0,0,0,0,0,0,0,1,0,0,0,0,0,0
"MA0802.1 TBR1",0,0,0,0,0,0,0,0.940055945999747,0,0,0,0,0,0,0,0,0,0,0,1,0,0,0,0,0,0,0,0,0,0,0,0,0,0,0,0,0,0,0,0,0,0,0,0,0,0,0,0,0,0,0,0,0
"MA0805.1 TBX1",0,0,0,0,0,0,0,0,0,0,0,0,0,1,0,0,0,0,0,0,0,0,0,0,0,0,0,0,0,0,0,0,0,0,0,0,0,0,0,0,0,0,0,0,0,0,0.754204244953355,0,0,0,0,0,0
"MA0800.1 EOMES",0,0,0,0,0,0,0,0.915614594060088,0,0.923501964599974,0,0,0,1,0,0,0,0,0,0,0,0,0,0,0,0,0,0,0,0,0,0,0,0,0,0,0,0,0,0,0,0,0,0,0,0,0,0,0,0,0,0,0
"MA1491.1 GLI3",0,0,0,0,0,0,0,0,0,0,0,0,0,0,0,0,0,0,0,1,0,0,0,0,0,0,0,0,0,0,0,0,0,0,0,0,0,0,0,0,0,0,0,0,0,0,0,0,0,0,0,0,0
"MA0736.1 GLIS2",0,0,0,0,0,1,0,0,0.877105786721955,0.886400384698029,0,0,0,0,0,0,0,0,0,0.900913301639063,0,0,0,0,0,0,0,0,0,0,0,0,0,0,0,0,0,0,0,0,0,0,0,0,0,0,0,0,0,0,0,0,0
"MA0737.1 GLIS3",0,0,0,0,0,0,0,0,0,0,0,0,0,0,0,0,0,0,0,0.987635901490638,0,0,0,0,0,0,0,0,0,0,0,0,0,0,0,0,0,0,0,0,0,0,0,1,0,0,0,0,0,0,0,0,0
"MA0161.2 NFIC",0,0,0,0,0,0,0,0,0.947262177297539,1,0,0,0,0,0,0,0,0,0,0,0,0,0,0,0,0,0,0,0,0,0,0,0,0,0,0,0,0,0,0,0,0,0,0,0,0,0,0,0,0,0,0,0
"MA0683.1 POU4F2",0,0,0,0,0,0.22197357571824,0.207658243408622,0.421138290364966,0.194185381690896,0.688772547957922,0,0.204386266273908,0.402221150178086,0.5074694424505,0.695228705519441,0.844986259761594,0.223741414744329,0.606433503397191,0.647930467519175,0.209970486512131,0.743864721638155,0.862853954097301,0.959275713505686,0.509910309725534,0.983435403266565,0.614568070133249,0.871920359673245,0.937766966019845,0,0,0,0,0,0,0,0,0,0,0,0,0,0,0,0,0,0,0,0,0,0,0,0,0
"MA1494.1 HNF4A(var.2)",0,0,0,0,0,0,0,0,0,0,0,0,0,0,0,0,0,0,0,0,0,0,0,0,0,0,0,0,0,0,0,0,0,0,0,0,0,0,0,0,0,0,0,0,0,0,0,0,0,0,1,0,0
"MA0728.1 Nr2f6(var.2)",0,0,0,0,1,0,0,0,0,0,0,0,0,0,0,0,0,0,0,0,0,0,0,0,0,0,0,0,0,0,0,0,0,0,0,0,0,0,0,0,0,0,0,0,0,0,0,0,0,0,0,0,0
"MA0486.2 HSF1",0,0,0,0,0,0,0,0,0,0,0,0,0,0,0,0,0,0,0,0,0,0,0,0,0,0,0,0,0,0,0,0,0,0,0,0,0,0,0,0,0.913343674746133,0,0,0,0,0,0,0,0,1,0,0,0
