"rank","motif_DB","motif_ID","motif_alt_ID","consensus","p.value","adj_p.value","E.value","tests","FASTA_max","pos","neg","PWM_min","TP","X.TP","FP","X.FP","mg","fc"
"1","pooledJasparNR.meme.txt","MA1111.1","NR2F2","NAAAGGTCANR",4.53e-08,0.000808,0.753,17865,0.0126,175,17691,1.01,70,40,3843,21.72,"mg1",1.84162062615101
"2","pooledJasparNR.meme.txt","MA0643.1","Esrrg","TCAAGGTCAH",5.97e-08,0.00107,0.994,17865,0.0133,295,17571,1.01,79,26.78,2571,14.63,"mg1",1.83048530416951
"3","pooledJasparNR.meme.txt","MA0217.1","caup","TAACA",1.65e-07,0.00294,2.74,17865,0.0144,865,17001,1,429,49.6,6922,40.72,"mg1",1.21807465618861
"1","pooledJasparNR.meme.txt","MA1604.1","Ebf2","NYCCCAAGGGANN",1.67e-18,2.98e-14,2.78e-11,17865,0.00129,109,17757,1.02,62,56.88,3339,18.8,"mg10",3.02553191489362
"2","pooledJasparNR.meme.txt","MA1125.1","ZNF384","DNWMAAAAAAAA",1.74e-18,3.11e-14,2.9e-11,17865,0.00484,8806,9060,1,7460,84.71,7224,79.74,"mg10",1.0623275645849
"3","pooledJasparNR.meme.txt","MA1637.1","EBF3","NYCCCAAGGGANN",4.02e-17,7.18e-13,6.69e-10,17865,0.00154,125,17741,1.02,68,54.4,3570,20.12,"mg10",2.7037773359841
"4","pooledJasparNR.meme.txt","MA0095.2","YY1","CAARATGGCBGC",8.66e-17,1.55e-12,1.44e-09,17865,0.00485,9137,8729,1.02,2679,29.32,2083,23.86,"mg10",1.22883487007544
"5","pooledJasparNR.meme.txt","MA1651.1","ZFP42","NNNHCAARATGGCTGCCNBNN",2.42e-14,4.32e-10,4.03e-07,17865,0.00484,8863,9003,1.07,1718,19.38,1361,15.12,"mg10",1.28174603174603
"6","pooledJasparNR.meme.txt","MA0187.1","Dll","TAATTRY",1.56e-11,2.78e-07,0.000259,17865,0.00457,4388,13478,1,1247,28.42,3151,23.38,"mg10",1.21556886227545
"7","pooledJasparNR.meme.txt","MA0049.1","hb","SMAWAAAAAA",3.58e-10,6.4e-06,0.00596,17865,0.00473,6317,11549,1,5730,90.71,10127,87.69,"mg10",1.03443950279393
"8","pooledJasparNR.meme.txt","MA0675.1","NKX6-2","NYMATTAA",7.32e-10,1.31e-05,0.0122,17865,0.00316,556,17310,1,170,30.58,3381,19.53,"mg10",1.5657962109575
"9","pooledJasparNR.meme.txt","MA0882.1","DLX6","VYAATTAN",8.96e-10,1.6e-05,0.0149,17865,0.00192,160,17706,1,68,42.5,3718,21,"mg10",2.02380952380952
"10","pooledJasparNR.meme.txt","MA1462.1","vfl","NNGCAGGTAGNN",1.14e-09,2.04e-05,0.019,17865,0.00488,11956,5910,1.01,2068,17.3,817,13.82,"mg10",1.25180897250362
"11","pooledJasparNR.meme.txt","MA0051.1","IRF2","SGAAAGYGAAASCRWWWM",1.39e-09,2.49e-05,0.0232,17865,0.00482,8213,9653,1.05,767,9.34,666,6.9,"mg10",1.3536231884058
"12","pooledJasparNR.meme.txt","MA0245.1","slou","TTAATTR",3.74e-09,6.67e-05,0.0622,17865,0.00269,304,17562,1,101,33.22,3330,18.96,"mg10",1.75210970464135
"13","pooledJasparNR.meme.txt","MA0224.1","exex","BTAATTA",4.13e-09,7.37e-05,0.0687,17865,0.00259,273,17593,1,102,37.36,3820,21.71,"mg10",1.72086596038692
"14","pooledJasparNR.meme.txt","MA0250.1","unc-4","TTAATTG",4.91e-09,8.77e-05,0.0818,17865,0.0026,278,17588,1,110,39.57,4180,23.77,"mg10",1.66470340765671
"15","pooledJasparNR.meme.txt","MA1460.1","pho","NNATGGCCGNN",7.63e-09,0.000136,0.127,17865,0.00484,8699,9167,1.01,2427,27.9,2216,24.17,"mg10",1.15432354158047
"16","pooledJasparNR.meme.txt","MA0214.1","bsh","TTAATKR",1.01e-08,0.00018,0.168,17865,0.0031,519,17347,1,152,29.29,3267,18.83,"mg10",1.5554965480616
"17","pooledJasparNR.meme.txt","MA0179.1","CG32532","TTAATTR",1.39e-08,0.000248,0.231,17865,0.0026,278,17588,1,106,38.13,4041,22.98,"mg10",1.65926892950392
"18","pooledJasparNR.meme.txt","MA0652.1","IRF8","HCGAAACCGAAACT",1.5e-08,0.000267,0.249,17865,0.00479,7652,10214,1.04,389,5.08,347,3.4,"mg10",1.49411764705882
"19","pooledJasparNR.meme.txt","MA0885.1","Dlx2","VYAATTAN",1.5e-08,0.000268,0.25,17865,0.00264,289,17577,1,104,35.99,3771,21.45,"mg10",1.67785547785548
"20","pooledJasparNR.meme.txt","MA0677.1","Nr2f6","RRGGTCAAAGGTCA",1.88e-08,0.000337,0.314,17865,0.00483,8647,9219,1.04,680,7.86,533,5.78,"mg10",1.3598615916955
"21","pooledJasparNR.meme.txt","MA1519.1","LHX5","STAATTAV",2.03e-08,0.000363,0.338,17865,0.00259,273,17593,1,96,35.16,3612,20.53,"mg10",1.71261568436434
"22","pooledJasparNR.meme.txt","MA1500.1","HOXB6","BTAATKRC",2.63e-08,0.000469,0.437,17865,0.00256,261,17605,1,87,33.33,3319,18.85,"mg10",1.76816976127321
"23","pooledJasparNR.meme.txt","MA0226.1","hbn","TTAATTR",2.75e-08,0.000491,0.457,17865,0.00264,290,17576,1,113,38.97,4264,24.26,"mg10",1.60634789777411
"24","pooledJasparNR.meme.txt","MA0630.1","SHOX","HTAATTRR",2.75e-08,0.000492,0.458,17865,0.00264,290,17576,1,97,33.45,3446,19.61,"mg10",1.70576236613972
"25","pooledJasparNR.meme.txt","MA0154.4","EBF1","NNTCCCCAGGGGANN",2.95e-08,0.000526,0.491,17865,0.00164,134,17732,1.03,53,39.55,3359,18.94,"mg10",2.08817317845829
"26","pooledJasparNR.meme.txt","MA0893.2","GSX2","SYMATTAR",3.19e-08,0.00057,0.531,17865,0.00202,174,17692,1,65,37.36,3428,19.38,"mg10",1.92776057791538
"27","pooledJasparNR.meme.txt","MA0170.1","C15","TTAAWKR",5.69e-08,0.00102,0.946,17865,0.00316,556,17310,1,180,32.37,3866,22.33,"mg10",1.44961934617107
"28","pooledJasparNR.meme.txt","MA0092.1","Hand1::Tcf3","BRTCTGGMWT",6.33e-08,0.00113,1.05,17865,0.00487,11734,6132,1.01,3622,30.87,1660,27.07,"mg10",1.14037680088659
"29","pooledJasparNR.meme.txt","MA0182.1","CG4328-RA","WTWATTR",6.53e-08,0.00117,1.09,17865,0.00485,9337,8529,1,2844,30.46,2292,26.87,"mg10",1.13360625232601
"30","pooledJasparNR.meme.txt","MA0240.1","repo","TTAATTA",7.19e-08,0.00128,1.2,17865,0.00264,290,17576,1,106,36.55,3973,22.6,"mg10",1.61725663716814
"31","pooledJasparNR.meme.txt","MA0597.1","THAP1","YTGCCCDBA",7.21e-08,0.00129,1.2,17865,0.00486,10084,7782,1,4945,49.04,3507,45.07,"mg10",1.08808520079876
"32","pooledJasparNR.meme.txt","MA0196.1","NK7.1","TTAATTR",7.86e-08,0.0014,1.31,17865,0.00313,538,17328,1,169,31.41,3716,21.45,"mg10",1.46433566433566
"33","pooledJasparNR.meme.txt","MA0666.1","MSX1","SCAATTAV",8.19e-08,0.00146,1.36,17865,0.00192,160,17706,1,64,40,3777,21.33,"mg10",1.87529301453352
"34","pooledJasparNR.meme.txt","MA0720.1","Shox2","YYAATTAR",9.31e-08,0.00166,1.55,17865,0.0026,276,17590,1,94,34.06,3573,20.31,"mg10",1.67700640078779
"35","pooledJasparNR.meme.txt","MA0251.1","unpg","YTAATTR",1.19e-07,0.00213,1.98,17865,0.0026,275,17591,1,97,35.27,3767,21.41,"mg10",1.64736104624007
"36","pooledJasparNR.meme.txt","MA1504.1","HOXC4","VTMATTAN",1.22e-07,0.00219,2.04,17865,0.00321,598,17268,1,173,28.93,3429,19.86,"mg10",1.45669687814703
"37","pooledJasparNR.meme.txt","MA0674.1","NKX6-1","NTMATTAA",1.23e-07,0.0022,2.05,17865,0.00313,538,17328,1,162,30.11,3544,20.45,"mg10",1.47237163814181
"38","pooledJasparNR.meme.txt","MA1502.1","HOXB8","GYMATTAM",1.27e-07,0.00227,2.11,17865,0.00269,303,17563,1,103,33.99,3677,20.94,"mg10",1.62320916905444
"39","pooledJasparNR.meme.txt","MA1507.1","HOXD4","VTMATTAD",1.35e-07,0.0024,2.24,17865,0.00295,423,17443,1,130,30.73,3477,19.93,"mg10",1.54189663823382
"40","pooledJasparNR.meme.txt","MA1505.1","HOXC8","KTAATTAM",1.36e-07,0.00242,2.26,17865,0.00259,273,17593,1,92,33.7,3538,20.11,"mg10",1.67578319244157
"41","pooledJasparNR.meme.txt","MA0125.1","Nobox","TAATTRSY",1.4e-07,0.0025,2.33,17865,0.00294,419,17447,1,136,32.46,3731,21.38,"mg10",1.51824134705332
"42","pooledJasparNR.meme.txt","MA1518.1","LHX1","NYAATTAN",1.5e-07,0.00268,2.5,17865,0.00259,273,17593,1,97,35.53,3816,21.69,"mg10",1.63808206546796
"43","pooledJasparNR.meme.txt","MA0910.2","HOXD8","GYMATTAM",1.54e-07,0.00274,2.56,17865,0.00259,273,17593,1,91,33.33,3494,19.86,"mg10",1.67824773413897
"44","pooledJasparNR.meme.txt","MA0175.1","lms","YTAATTR",1.58e-07,0.00281,2.62,17865,0.00263,288,17578,1,93,32.29,3395,19.31,"mg10",1.67219057483169
"45","pooledJasparNR.meme.txt","MA0248.1","tup","TTAATKG",1.91e-07,0.0034,3.17,17865,0.00317,564,17302,1,200,35.46,4421,25.55,"mg10",1.38786692759295
"46","pooledJasparNR.meme.txt","MA1418.1","IRF3","NSRRAAMGGAAACCGAAACYR",2.36e-07,0.00421,3.92,17865,0.00485,9140,8726,1.17,483,5.28,324,3.71,"mg10",1.42318059299191
"47","pooledJasparNR.meme.txt","MA0169.1","B-H2","WTAATTG",2.75e-07,0.00489,4.56,17865,0.00308,507,17359,1,176,34.71,4257,24.52,"mg10",1.41557911908646
"48","pooledJasparNR.meme.txt","MA0220.1","en","YTAATTR",3.15e-07,0.00561,5.23,17865,0.0026,278,17588,1,96,34.53,3744,21.29,"mg10",1.62188821042743
"49","pooledJasparNR.meme.txt","MA1499.1","HOXB4","RTMATTAR",3.25e-07,0.00579,5.4,17865,0.00443,3323,14543,1,830,24.98,3049,20.97,"mg10",1.19122556032427
"50","pooledJasparNR.meme.txt","MA0662.1","MIXL1","NBYAATTAVN",3.36e-07,0.00599,5.58,17865,0.0026,275,17591,1,88,32,3366,19.13,"mg10",1.67276529012023
"51","pooledJasparNR.meme.txt","MA0903.1","HOXB3","NNYMATTARN",3.46e-07,0.00617,5.75,17865,0.00316,558,17308,1,137,24.55,2793,16.14,"mg10",1.52106567534077
"52","pooledJasparNR.meme.txt","MA0721.1","UNCX","YYAATTAV",3.59e-07,0.00639,5.95,17865,0.00311,524,17342,1,151,28.82,3392,19.56,"mg10",1.47341513292434
"53","pooledJasparNR.meme.txt","MA0257.1","zen2","YTAATKA",3.78e-07,0.00673,6.27,17865,0.00295,421,17445,1,130,30.88,3560,20.41,"mg10",1.51298383145517
"54","pooledJasparNR.meme.txt","MA0723.1","VAX2","YTAATTAB",4.69e-07,0.00834,7.77,17865,0.00254,258,17608,1,79,30.62,3133,17.79,"mg10",1.72119168071951
"55","pooledJasparNR.meme.txt","MA0132.2","PDX1","VYAATTAR",5.33e-07,0.00948,8.83,17865,0.00253,255,17611,1,81,31.76,3297,18.72,"mg10",1.6965811965812
"56","pooledJasparNR.meme.txt","MA1495.1","HOXA1","STAATTAS",5.43e-07,0.00966,9,17865,0.00403,1758,16108,1,411,23.38,2970,18.44,"mg10",1.26789587852495
"57","pooledJasparNR.meme.txt","MA0880.1","Dlx3","NYAATTAN",5.81e-07,0.0103,9.63,17865,0.00192,160,17706,1,59,36.88,3528,19.93,"mg10",1.85047666833919
"1","pooledJasparNR.meme.txt","MA0095.2","YY1","CAARATGGCBGC",1.63e-22,2.91e-18,2.71e-15,17865,0.0117,9119,8747,1.02,2717,29.79,2045,23.38,"mg11",1.27416595380667
"2","pooledJasparNR.meme.txt","MA0597.1","THAP1","YTGCCCDBA",1.57e-20,2.81e-16,2.62e-13,17865,0.0117,9410,8456,1,4759,50.57,3693,43.67,"mg11",1.15800320586215
"3","pooledJasparNR.meme.txt","MA1651.1","ZFP42","NNNHCAARATGGCTGCCNBNN",3.12e-20,5.57e-16,5.19e-13,17865,0.0119,11272,6594,1.07,2163,19.19,916,13.89,"mg11",1.38156947444204
"4","pooledJasparNR.meme.txt","MA0748.2","YY2","NVATGGCGGCS",1.03e-19,1.84e-15,1.71e-12,17865,0.011,3718,14148,1.01,1021,27.46,2892,20.44,"mg11",1.34344422700587
"5","pooledJasparNR.meme.txt","MA1650.1","ZBTB14","SSCCGCGCACVS",5.21e-19,9.32e-15,8.68e-12,17865,0.00666,299,17567,1.02,124,41.47,3324,18.92,"mg11",2.19186046511628
"6","pooledJasparNR.meme.txt","MA1462.1","vfl","NNGCAGGTAGNN",4.76e-17,8.5e-13,7.92e-10,17865,0.0117,9533,8333,1.01,1743,18.28,1142,13.7,"mg11",1.33430656934307
"7","pooledJasparNR.meme.txt","MA1460.1","pho","NNATGGCCGNN",1.51e-16,2.7e-12,2.51e-09,17865,0.0117,8493,9373,1.01,2447,28.81,2196,23.43,"mg11",1.2296201451131
"8","pooledJasparNR.meme.txt","MA0092.1","Hand1::Tcf3","BRTCTGGMWT",3.27e-14,5.84e-10,5.44e-07,17865,0.0118,10266,7600,1.01,3261,31.77,2021,26.59,"mg11",1.19481007897706
"9","pooledJasparNR.meme.txt","MA0750.2","ZBTB7A","NVCCGGAAGTGSV",5.72e-13,1.02e-08,9.52e-06,17865,0.0117,8948,8918,1.02,1507,16.84,1163,13.04,"mg11",1.29141104294479
"10","pooledJasparNR.meme.txt","MA1122.1","TFDP1","VSGCGGGAAVN",6.89e-13,1.23e-08,1.15e-05,17865,0.00916,680,17186,1.01,243,35.74,4010,23.33,"mg11",1.53193313330476
"11","pooledJasparNR.meme.txt","MA1648.1","TCF12(var.2)","NNCACCTGCNN",1.83e-12,3.27e-08,3.04e-05,17865,0.0115,7256,10610,1.01,1916,26.41,2321,21.88,"mg11",1.20703839122486
"12","pooledJasparNR.meme.txt","MA0671.1","NFIX","NNTGCCAAN",3.44e-12,6.15e-08,5.74e-05,17865,0.0118,9626,8240,1,5175,53.76,4005,48.6,"mg11",1.10617283950617
"13","pooledJasparNR.meme.txt","MA0733.1","EGR4","NHMCGCCCACGCAHWT",4.85e-12,8.67e-08,8.08e-05,17865,0.0106,2093,15773,1.03,640,30.58,3722,23.6,"mg11",1.29576271186441
"14","pooledJasparNR.meme.txt","MA0051.1","IRF2","SGAAAGYGAAASCRWWWM",1.65e-11,2.94e-07,0.000274,17865,0.0116,8468,9398,1.05,800,9.45,633,6.74,"mg11",1.40207715133531
"15","pooledJasparNR.meme.txt","MA0695.1","ZBTB7C","RCGACCACCGAN",2.08e-11,3.72e-07,0.000346,17865,0.0117,8820,9046,1.01,3429,38.88,3086,34.11,"mg11",1.13984168865435
"16","pooledJasparNR.meme.txt","MA0830.2","TCF4","NNGCACCTGCCNN",3.1e-11,5.55e-07,0.000517,17865,0.0117,9525,8341,1.02,2043,21.45,1464,17.55,"mg11",1.22222222222222
"17","pooledJasparNR.meme.txt","MA0925.1","sma-4","NNTGTCTGGVN",3.58e-11,6.4e-07,0.000596,17865,0.0119,11607,6259,1.01,2526,21.76,1106,17.67,"mg11",1.23146576117714
"18","pooledJasparNR.meme.txt","MA0541.1","efl-1","HDHKSGCGSGAAAWT",4.1e-11,7.32e-07,0.000682,17865,0.0106,2243,15623,1.02,561,25.01,2968,19,"mg11",1.31631578947368
"19","pooledJasparNR.meme.txt","MA0694.1","ZBTB7B","RCGACCACCGAA",8.94e-11,1.6e-06,0.00149,17865,0.0112,4673,13193,1.02,961,20.56,2160,16.37,"mg11",1.25595601710446
"20","pooledJasparNR.meme.txt","MA0471.2","E2F6","VVDGGCGGGAAVV",1.04e-10,1.86e-06,0.00173,17865,0.0111,4288,13578,1.02,1566,36.52,4244,31.26,"mg11",1.16826615483045
"21","pooledJasparNR.meme.txt","MA0162.4","EGR1","VCMCGCCCACGCVS",1.6e-10,2.86e-06,0.00266,17865,0.0108,2574,15292,1.04,871,33.84,4233,27.68,"mg11",1.22254335260116
"22","pooledJasparNR.meme.txt","MA1107.2","KLF9","MNGCCACACCCACHYV",5.57e-10,9.94e-06,0.00927,17865,0.0111,4291,13575,1.05,1233,28.73,3264,24.04,"mg11",1.19509151414309
"23","pooledJasparNR.meme.txt","MA1517.1","KLF6","NRCCACGCCCH",6.66e-10,1.19e-05,0.0111,17865,0.00984,1032,16834,1.01,308,29.84,3614,21.47,"mg11",1.38984629715883
"24","pooledJasparNR.meme.txt","MA1108.2","MXI1","NNCACATGBN",7.74e-10,1.38e-05,0.0129,17865,0.0113,5390,12476,1.01,1296,24.04,2492,19.97,"mg11",1.20380570856284
"25","pooledJasparNR.meme.txt","MA1623.1","Stat2","RGAAACAGAAASH",1.7e-09,3.03e-05,0.0282,17865,0.0117,8707,9159,1.01,4662,53.54,4498,49.11,"mg11",1.09020566076156
"26","pooledJasparNR.meme.txt","MA0812.1","TFAP2B(var.2)","HGCCTSAGGCD",1.92e-09,3.43e-05,0.032,17865,0.0107,2330,15536,1.01,392,16.82,1907,12.27,"mg11",1.37082314588427
"27","pooledJasparNR.meme.txt","MA1583.1","ZFP57","NNVTTGCCGCANN",2.01e-09,3.59e-05,0.0335,17865,0.0114,5849,12017,1.01,811,13.87,1297,10.79,"mg11",1.28544949026877
"28","pooledJasparNR.meme.txt","MA0772.1","IRF7","HCGAAARYGAAAVT",2.07e-09,3.7e-05,0.0345,17865,0.0116,7941,9925,1.02,1781,22.43,1870,18.84,"mg11",1.19055201698514
"29","pooledJasparNR.meme.txt","MA0522.3","TCF3","NVCACCTGCNN",2.48e-09,4.42e-05,0.0412,17865,0.0117,9359,8507,1.01,2013,21.51,1532,18.01,"mg11",1.19433647973348
"30","pooledJasparNR.meme.txt","MA0024.3","E2F1","TTTGGCGCCAAA",2.48e-09,4.43e-05,0.0413,17865,0.00911,669,17197,1.01,143,21.38,2227,12.95,"mg11",1.65096525096525
"31","pooledJasparNR.meme.txt","MA0758.1","E2F7","TTTTCCCGCCAAAA",2.72e-09,4.87e-05,0.0454,17865,0.011,3647,14219,1.04,135,3.7,279,1.96,"mg11",1.88775510204082
"32","pooledJasparNR.meme.txt","MA0213.1","brk","SYGGCGCY",4.17e-09,7.46e-05,0.0695,17865,0.0108,2572,15294,1.01,516,20.06,2358,15.42,"mg11",1.30090791180285
"33","pooledJasparNR.meme.txt","MA0767.1","GCM2","BATGCGGGTR",7.57e-09,0.000135,0.126,17865,0.0113,5570,12296,1.01,1040,18.67,1875,15.25,"mg11",1.22426229508197
"34","pooledJasparNR.meme.txt","MA0193.1","schlank","CYACYAA",8.04e-09,0.000144,0.134,17865,0.0116,8406,9460,1,3343,39.77,3373,35.66,"mg11",1.11525518788559
"35","pooledJasparNR.meme.txt","MA1153.1","Smad4","TGTCTRGM",8.38e-09,0.00015,0.139,17865,0.0118,10030,7836,1,2404,23.97,1600,20.42,"mg11",1.17384916748286
"36","pooledJasparNR.meme.txt","MA0161.2","NFIC","NNCTTGGCANN",1.02e-08,0.000181,0.169,17865,0.0118,9641,8225,1.01,1671,17.33,1172,14.25,"mg11",1.21614035087719
"37","pooledJasparNR.meme.txt","MA1631.1","ASCL1(var.2)","NNGCACCTGCYNB",1.03e-08,0.000184,0.172,17865,0.0116,7800,10066,1.02,1326,17,1403,13.94,"mg11",1.21951219512195
"38","pooledJasparNR.meme.txt","MA1149.1","RARA::RXRG","RRGGTCAHNNNRRGGTCA",1.17e-08,0.000208,0.194,17865,0.0111,3812,14054,1.04,785,20.59,2339,16.64,"mg11",1.23737980769231
"39","pooledJasparNR.meme.txt","MA1579.1","ZBTB26","NNCTCCAGAAANNNN",2.58e-08,0.000462,0.43,17865,0.0115,6548,11318,1.01,1660,25.35,2463,21.76,"mg11",1.16498161764706
"40","pooledJasparNR.meme.txt","MA0652.1","IRF8","HCGAAACCGAAACT",3.23e-08,0.000576,0.537,17865,0.0117,8637,9229,1.04,428,4.96,308,3.34,"mg11",1.48502994011976
"41","pooledJasparNR.meme.txt","MA0864.2","E2F2","RWTTTGGCGCCAWWWY",3.38e-08,0.000603,0.562,17865,0.0109,3209,14657,1.02,488,15.21,1708,11.65,"mg11",1.30557939914163
"42","pooledJasparNR.meme.txt","MA0746.2","SP3","NGCCACGCCCMCH",4.16e-08,0.000742,0.692,17865,0.00983,1024,16842,1.03,186,18.16,2041,12.12,"mg11",1.4983498349835
"43","pooledJasparNR.meme.txt","MA0003.4","TFAP2A","NNKGCCTCAGGCNN",4.62e-08,0.000824,0.768,17865,0.0107,2350,15516,1.02,497,21.15,2570,16.56,"mg11",1.27717391304348
"44","pooledJasparNR.meme.txt","MA0449.1","h","GGCACGTGCC",5.07e-08,0.000905,0.843,17865,0.00805,469,17397,1.01,118,25.16,2681,15.41,"mg11",1.63270603504218
"45","pooledJasparNR.meme.txt","MA1581.1","ZBTB6","DNSCTTGAGCCNV",6.04e-08,0.00108,1,17865,0.0102,1491,16375,1.02,275,18.44,2177,13.29,"mg11",1.3875094055681
"46","pooledJasparNR.meme.txt","MA1536.1","NR2C2(var.2)","RRGGTCAN",6.51e-08,0.00116,1.08,17865,0.0107,2501,15365,1,1313,52.5,7189,46.79,"mg11",1.12203462278265
"47","pooledJasparNR.meme.txt","MA1558.1","SNAI1","DRCAGGTGYD",6.9e-08,0.00123,1.15,17865,0.0118,10436,7430,1.01,1676,16.06,982,13.22,"mg11",1.21482602118003
"48","pooledJasparNR.meme.txt","MA1418.1","IRF3","NSRRAAMGGAAACCGAAACYR",7.62e-08,0.00136,1.27,17865,0.0114,6243,11623,1.17,353,5.65,454,3.91,"mg11",1.44501278772379
"49","pooledJasparNR.meme.txt","MA0050.2","IRF1","NTTYASTTTCACTTTCDBTTT",8.03e-08,0.00143,1.34,17865,0.0118,10419,7447,1.04,3122,29.96,1964,26.37,"mg11",1.1361395525218
"50","pooledJasparNR.meme.txt","MA1616.1","Prdm15","NRGAAAACCTGGAVN",9.92e-08,0.00177,1.65,17865,0.0115,6947,10919,1.02,1783,25.67,2430,22.25,"mg11",1.15370786516854
"51","pooledJasparNR.meme.txt","MA1644.1","NFYC","RDCCAATCASN",1.48e-07,0.00264,2.46,17865,0.0119,12159,5707,1.01,3626,29.82,1490,26.11,"mg11",1.14209115281501
"52","pooledJasparNR.meme.txt","MA0039.4","KLF4","NNCCCCACCCHN",1.52e-07,0.00271,2.53,17865,0.0112,4673,13193,1.02,1783,38.16,4481,33.96,"mg11",1.12367491166078
"53","pooledJasparNR.meme.txt","MA1099.2","HES1","GGCRCGTGBC",1.87e-07,0.00334,3.11,17865,0.00691,320,17546,1.01,85,26.56,2678,15.26,"mg11",1.74049803407602
"54","pooledJasparNR.meme.txt","MA0814.2","TFAP2C(var.2)","NNGCCTGAGGCGNN",1.95e-07,0.00348,3.24,17865,0.0112,4501,13365,1.02,995,22.11,2485,18.59,"mg11",1.18934911242604
"55","pooledJasparNR.meme.txt","MA0653.1","IRF9","AACGAAACCGAAACT",2.49e-07,0.00445,4.14,17865,0.0111,4171,13695,1.05,155,3.72,306,2.23,"mg11",1.66816143497758
"56","pooledJasparNR.meme.txt","MA0493.1","Klf1","RRCCACACCCW",2.51e-07,0.00447,4.16,17865,0.00961,882,16984,1.02,191,21.66,2557,15.06,"mg11",1.43824701195219
"57","pooledJasparNR.meme.txt","MA0811.1","TFAP2B","YGCCCBVRGGCA",3.39e-07,0.00604,5.62,17865,0.0102,1473,16393,1.01,413,28.04,3642,22.22,"mg11",1.26192619261926
"58","pooledJasparNR.meme.txt","MA0065.2","Pparg::Rxra","STRGGGCARAGGKCA",3.85e-07,0.00685,6.38,17865,0.00623,255,17611,1.02,117,45.88,5425,30.8,"mg11",1.48961038961039
"59","pooledJasparNR.meme.txt","MA0917.1","gcm2","ATGCGGGY",3.9e-07,0.00695,6.47,17865,0.0106,2195,15671,1.01,541,24.65,3132,19.99,"mg11",1.23311655827914
"60","pooledJasparNR.meme.txt","MA0147.3","MYC","NNCCACGTGCNB",4.72e-07,0.0084,7.83,17865,0.0113,5633,12233,1.01,865,15.36,1544,12.62,"mg11",1.21711568938193
"61","pooledJasparNR.meme.txt","MA0103.3","ZEB1","SNCACCTGSVN",5.13e-07,0.00913,8.51,17865,0.0118,10436,7430,1.01,1761,16.87,1053,14.17,"mg11",1.19054340155258
"1","pooledJasparNR.meme.txt","MA0790.1","POU4F1","ATGMATAATTAATG",5.49e-31,9.81e-27,9.14e-24,17865,0.00653,667,17199,1.01,248,37.18,3064,17.81,"mg12",2.08759124087591
"2","pooledJasparNR.meme.txt","MA0791.1","POU4F3","RTGMATWATTAATGAR",1.12e-30,1.99e-26,1.86e-23,17865,0.00665,785,17081,1.02,256,32.61,2664,15.6,"mg12",2.09038461538462
"3","pooledJasparNR.meme.txt","MA0254.1","vvl","TATKCA",2.71e-13,4.85e-09,4.52e-06,17865,0.00645,613,17253,1,223,36.38,3986,23.1,"mg12",1.57489177489178
"4","pooledJasparNR.meme.txt","MA0683.1","POU4F2","RTGCATAATTAATGAG",4.55e-11,8.12e-07,0.000757,17865,0.00661,744,17122,1.03,70,9.41,656,3.83,"mg12",2.45691906005222
"1","pooledJasparNR.meme.txt","MA0174.1","Dbx","TTWATKA",3.2e-10,5.72e-06,0.00533,17865,0.0121,16768,1098,1,6043,36.04,296,26.96,"mg13",1.33679525222552
"2","pooledJasparNR.meme.txt","MA0182.1","CG4328-RA","WTWATTR",9.69e-10,1.73e-05,0.0161,17865,0.0122,17310,556,1,5037,29.1,99,17.81,"mg13",1.63391353172375
"3","pooledJasparNR.meme.txt","MA0446.1","fkh","TGTTTRYHYAA",1.76e-07,0.00314,2.93,17865,0.0115,354,17512,1.01,147,41.53,5006,28.59,"mg13",1.45260580622595
"4","pooledJasparNR.meme.txt","MA0448.1","H2.0","TTWATDA",2.7e-07,0.00481,4.48,17865,0.0121,16721,1145,1,4433,26.51,228,19.91,"mg13",1.33149171270718
"5","pooledJasparNR.meme.txt","MA0221.1","eve","YTAATKA",2.8e-07,0.00498,4.64,17865,0.012,15223,2643,1,3139,20.62,435,16.46,"mg13",1.25273390036452
"6","pooledJasparNR.meme.txt","MA0210.1","ara","WAACA",3.05e-07,0.00543,5.06,17865,0.0122,17473,393,1,9221,52.77,157,39.95,"mg13",1.32090112640801
"7","pooledJasparNR.meme.txt","MA0691.1","TFAP4","AWCAGCTGWT",4.64e-07,0.00825,7.69,17865,0.0119,1196,16670,1.01,187,15.64,1794,10.76,"mg13",1.45353159851301
"1","pooledJasparNR.meme.txt","MA0174.1","Dbx","TTWATKA",1.21e-10,2.16e-06,0.00201,17865,0.0118,17350,516,1,6222,35.86,117,22.67,"mg14",1.58182620202911
"2","pooledJasparNR.meme.txt","MA0182.1","CG4328-RA","WTWATTR",1.63e-09,2.91e-05,0.0271,17865,0.0118,17427,439,1,5063,29.05,73,16.63,"mg14",1.74684305472039
"3","pooledJasparNR.meme.txt","MA0892.1","GSX1","NCYMATTAVN",1.73e-08,0.000308,0.287,17865,0.0114,8250,9616,1,1243,15.07,1175,12.22,"mg14",1.23322422258592
"4","pooledJasparNR.meme.txt","MA1441.1","lim-7","NCTTAATKDMH",2.77e-08,0.000495,0.462,17865,0.0115,11745,6121,1,2308,19.65,1000,16.34,"mg14",1.20257037943696
"5","pooledJasparNR.meme.txt","MA0675.1","NKX6-2","NYMATTAA",3.23e-08,0.000577,0.537,17865,0.0115,10414,7452,1,2212,21.24,1339,17.97,"mg14",1.18196994991653
"6","pooledJasparNR.meme.txt","MA0448.1","H2.0","TTWATDA",4.36e-08,0.000779,0.726,17865,0.0118,17431,435,1,4594,26.36,67,15.4,"mg14",1.71168831168831
"7","pooledJasparNR.meme.txt","MA0921.1","ceh-48","RWYCRATAN",8.48e-08,0.00151,1.41,17865,0.0114,6070,11796,1,1348,22.21,2226,18.87,"mg14",1.17700052994171
"8","pooledJasparNR.meme.txt","MA0078.1","Sox17","NHYATTGTS",8.51e-08,0.00152,1.42,17865,0.0116,16597,1269,1,4939,29.76,291,22.93,"mg14",1.2978630614915
"9","pooledJasparNR.meme.txt","MA0210.1","ara","WAACA",3.17e-07,0.00565,5.26,17865,0.0118,17343,523,1,9160,52.82,218,41.68,"mg14",1.26727447216891
"10","pooledJasparNR.meme.txt","MA1504.1","HOXC4","VTMATTAN",3.23e-07,0.00576,5.37,17865,0.0115,9941,7925,1,2137,21.5,1465,18.49,"mg14",1.16279069767442
"11","pooledJasparNR.meme.txt","MA0215.1","btn","TTAATKA",5.04e-07,0.00896,8.35,17865,0.0115,11735,6131,1,3169,27,1449,23.63,"mg14",1.1426153195091
"1","pooledJasparNR.meme.txt","MA0095.2","YY1","CAARATGGCBGC",2.73e-18,4.88e-14,4.55e-11,17865,0.0251,6558,11308,1.02,1996,30.44,2766,24.46,"mg15",1.24448078495503
"2","pooledJasparNR.meme.txt","MA1651.1","ZFP42","NNNHCAARATGGCTGCCNBNN",1.51e-14,2.71e-10,2.52e-07,17865,0.0251,6322,11544,1.07,1275,20.17,1804,15.63,"mg15",1.29046705054383
"3","pooledJasparNR.meme.txt","MA0092.1","Hand1::Tcf3","BRTCTGGMWT",1.45e-13,2.6e-09,2.42e-06,17865,0.0252,7848,10018,1.01,2542,32.39,2740,27.35,"mg15",1.18427787934186
"4","pooledJasparNR.meme.txt","MA1460.1","pho","NNATGGCCGNN",1.54e-13,2.76e-09,2.57e-06,17865,0.025,5509,12357,1.01,1631,29.61,3012,24.37,"mg15",1.21501846532622
"5","pooledJasparNR.meme.txt","MA0541.1","efl-1","HDHKSGCGSGAAAWT",8.18e-12,1.46e-07,0.000136,17865,0.025,5442,12424,1.02,1242,22.82,2287,18.41,"mg15",1.23954372623574
"6","pooledJasparNR.meme.txt","MA1650.1","ZBTB14","SSCCGCGCACVS",8.55e-12,1.53e-07,0.000142,17865,0.0251,6058,11808,1.02,1339,22.1,2109,17.86,"mg15",1.23740201567749
"7","pooledJasparNR.meme.txt","MA0597.1","THAP1","YTGCCCDBA",6.26e-11,1.12e-06,0.00104,17865,0.0251,6015,11851,1,3049,50.69,5403,45.59,"mg15",1.11186663742049
"8","pooledJasparNR.meme.txt","MA1122.1","TFDP1","VSGCGGGAAVN",7.87e-11,1.41e-06,0.00131,17865,0.025,5329,12537,1.01,1437,26.97,2816,22.46,"mg15",1.20080142475512
"9","pooledJasparNR.meme.txt","MA0758.1","E2F7","TTTTCCCGCCAAAA",9.71e-11,1.73e-06,0.00162,17865,0.0251,5738,12128,1.04,195,3.4,219,1.81,"mg15",1.87845303867403
"10","pooledJasparNR.meme.txt","MA0748.2","YY2","NVATGGCGGCS",1.71e-10,3.06e-06,0.00285,17865,0.0251,5674,12192,1.01,1406,24.78,2507,20.56,"mg15",1.20525291828794
"11","pooledJasparNR.meme.txt","MA1462.1","vfl","NNGCAGGTAGNN",2.79e-10,4.99e-06,0.00465,17865,0.025,5548,12318,1.01,1039,18.73,1846,14.99,"mg15",1.2494996664443
"12","pooledJasparNR.meme.txt","MA0471.2","E2F6","VVDGGCGGGAAVV",2.85e-10,5.08e-06,0.00474,17865,0.0248,4490,13376,1.02,1630,36.3,4180,31.25,"mg15",1.1616
"13","pooledJasparNR.meme.txt","MA0695.1","ZBTB7C","RCGACCACCGAN",1.03e-09,1.85e-05,0.0172,17865,0.025,5584,12282,1.01,2216,39.68,4299,35,"mg15",1.13371428571429
"14","pooledJasparNR.meme.txt","MA1583.1","ZFP57","NNVTTGCCGCANN",1.05e-09,1.88e-05,0.0175,17865,0.025,5385,12481,1.01,756,14.04,1352,10.83,"mg15",1.29639889196676
"15","pooledJasparNR.meme.txt","MA1579.1","ZBTB26","NNCTCCAGAAANNNN",1.65e-09,2.95e-05,0.0275,17865,0.0251,6812,11054,1.01,1735,25.47,2388,21.6,"mg15",1.17916666666667
"16","pooledJasparNR.meme.txt","MA0671.1","NFIX","NNTGCCAAN",1.98e-09,3.53e-05,0.0329,17865,0.0252,7902,9964,1,4256,53.86,4924,49.42,"mg15",1.08984216916228
"17","pooledJasparNR.meme.txt","MA0193.1","schlank","CYACYAA",1.26e-08,0.000225,0.209,17865,0.0252,8084,9782,1,3219,39.82,3497,35.75,"mg15",1.11384615384615
"18","pooledJasparNR.meme.txt","MA0750.2","ZBTB7A","NVCCGGAAGTGSV",2.18e-08,0.000389,0.363,17865,0.0251,6858,11008,1.02,1153,16.81,1517,13.78,"mg15",1.21988388969521
"19","pooledJasparNR.meme.txt","MA1107.2","KLF9","MNGCCACACCCACHYV",2.58e-08,0.000461,0.43,17865,0.0248,4529,13337,1.05,1279,28.24,3218,24.13,"mg15",1.17032739328637
"20","pooledJasparNR.meme.txt","MA1648.1","TCF12(var.2)","NNCACCTGCNN",3.69e-08,0.000659,0.614,17865,0.0252,8138,9728,1.01,2083,25.6,2154,22.14,"mg15",1.15627822944896
"21","pooledJasparNR.meme.txt","MA0615.1","Gmeb1","BHBBKKACGTMMNWNNN",1.34e-07,0.00239,2.23,17865,0.0252,7846,10020,1.01,1966,25.06,2181,21.77,"mg15",1.15112540192926
"22","pooledJasparNR.meme.txt","MA0812.1","TFAP2B(var.2)","HGCCTSAGGCD",1.39e-07,0.00249,2.32,17865,0.0251,5969,11897,1.01,878,14.71,1421,11.94,"mg15",1.2319932998325
"23","pooledJasparNR.meme.txt","MA0039.4","KLF4","NNCCCCACCCHN",1.7e-07,0.00303,2.82,17865,0.0251,6384,11482,1.02,2395,37.52,3869,33.7,"mg15",1.113353115727
"24","pooledJasparNR.meme.txt","MA0003.4","TFAP2A","NNKGCCTCAGGCNN",2.39e-07,0.00426,3.97,17865,0.0251,6266,11600,1.02,1198,19.12,1869,16.11,"mg15",1.18684047175667
"25","pooledJasparNR.meme.txt","MA1563.1","SOX18","VACAAYGS",3.29e-07,0.00587,5.47,17865,0.0252,10293,7573,1,3703,35.98,2453,32.39,"mg15",1.11083667798703
"26","pooledJasparNR.meme.txt","MA1153.1","Smad4","TGTCTRGM",4.09e-07,0.00728,6.79,17865,0.0252,7565,10301,1,1832,24.22,2172,21.09,"mg15",1.1484115694642
"27","pooledJasparNR.meme.txt","MA0516.2","SP2","MTAAGYCCCGCCCMCTY",4.32e-07,0.00769,7.16,17865,0.0248,4489,13377,1.09,826,18.4,2038,15.24,"mg15",1.20734908136483
"28","pooledJasparNR.meme.txt","MA0733.1","EGR4","NHMCGCCCACGCAHWT",4.44e-07,0.0079,7.37,17865,0.0248,4640,13226,1.03,1258,27.11,3104,23.47,"mg15",1.15509160630592
"29","pooledJasparNR.meme.txt","MA0051.1","IRF2","SGAAAGYGAAASCRWWWM",5.03e-07,0.00894,8.33,17865,0.025,5313,12553,1.05,509,9.58,924,7.36,"mg15",1.30163043478261
"30","pooledJasparNR.meme.txt","MA0814.2","TFAP2C(var.2)","NNGCCTGAGGCGNN",5.14e-07,0.00913,8.51,17865,0.0251,6130,11736,1.02,1318,21.5,2162,18.42,"mg15",1.1672095548317
"31","pooledJasparNR.meme.txt","MA0162.4","EGR1","VCMCGCCCACGCVS",5.31e-07,0.00944,8.8,17865,0.0248,4640,13226,1.04,1456,31.38,3648,27.58,"mg15",1.13778100072516
"32","pooledJasparNR.meme.txt","MA0049.1","hb","SMAWAAAAAA",5.7e-07,0.0101,9.44,17865,0.025,5590,12276,1,5056,90.45,10801,87.98,"mg15",1.02807456240055
"1","pooledJasparNR.meme.txt","MA0876.1","BSX","SYVATTAV",9.52e-08,0.0017,1.58,17865,0.0135,2684,15182,1,500,18.63,2217,14.6,"mg16",1.27602739726027
"1","pooledJasparNR.meme.txt","MA1524.1","MSGN1","NRCCAWWTGKYN",3.49e-07,0.00621,5.79,17865,0.0143,8670,9196,1.01,1874,21.61,1713,18.63,"mg17",1.15995705850778
"2","pooledJasparNR.meme.txt","MA0070.1","PBX1","HCATCAATCAAW",3.53e-07,0.00628,5.85,17865,0.0142,4813,13053,1.01,1319,27.4,3101,23.76,"mg17",1.15319865319865
"1","pooledJasparNR.meme.txt","MA0174.1","Dbx","TTWATKA",1.99e-09,3.56e-05,0.0332,17865,0.0215,17389,477,1,6229,35.82,110,23.06,"mg18",1.55333911535126
"2","pooledJasparNR.meme.txt","MA0448.1","H2.0","TTWATDA",1.91e-08,0.00034,0.317,17865,0.0215,17348,518,1,4578,26.39,83,16.02,"mg18",1.64731585518102
"3","pooledJasparNR.meme.txt","MA0182.1","CG4328-RA","WTWATTR",1.37e-07,0.00245,2.29,17865,0.0215,17353,513,1,5039,29.04,97,18.91,"mg18",1.53569539925965
"4","pooledJasparNR.meme.txt","MA0210.1","ara","WAACA",1.57e-07,0.0028,2.61,17865,0.0217,17492,374,1,9231,52.77,147,39.3,"mg18",1.34274809160305
"5","pooledJasparNR.meme.txt","MA0078.1","Sox17","NHYATTGTS",2.93e-07,0.00522,4.86,17865,0.0216,17422,444,1,5146,29.54,84,18.92,"mg18",1.56131078224101
"6","pooledJasparNR.meme.txt","MA1111.1","NR2F2","NAAAGGTCANR",2.94e-07,0.00523,4.88,17865,0.019,241,17625,1.01,87,36.1,3826,21.71,"mg18",1.6628281897743
"1","pooledJasparNR.meme.txt","MA0174.1","Dbx","TTWATKA",2.75e-10,4.92e-06,0.00459,17865,0.0183,17080,786,1,6140,35.95,199,25.32,"mg19",1.41982622432859
"2","pooledJasparNR.meme.txt","MA0182.1","CG4328-RA","WTWATTR",4.43e-09,7.91e-05,0.0737,17865,0.0184,17442,424,1,5065,29.04,71,16.75,"mg19",1.73373134328358
"3","pooledJasparNR.meme.txt","MA0210.1","ara","WAACA",3.34e-08,0.000596,0.555,17865,0.0184,17408,458,1,9195,52.82,183,39.96,"mg19",1.32182182182182
"4","pooledJasparNR.meme.txt","MA0448.1","H2.0","TTWATDA",1.49e-07,0.00266,2.48,17865,0.0184,17435,431,1,4593,26.34,68,15.78,"mg19",1.66920152091255
"5","pooledJasparNR.meme.txt","MA0921.1","ceh-48","RWYCRATAN",1.74e-07,0.00311,2.9,17865,0.018,5775,12091,1,1284,22.23,2290,18.94,"mg19",1.17370644139388
"6","pooledJasparNR.meme.txt","MA0892.1","GSX1","NCYMATTAVN",2.66e-07,0.00474,4.41,17865,0.0181,15877,1989,1,2219,13.98,199,10.01,"mg19",1.3966033966034
"7","pooledJasparNR.meme.txt","MA0078.1","Sox17","NHYATTGTS",2.98e-07,0.00531,4.95,17865,0.0183,17151,715,1,5079,29.61,151,21.12,"mg19",1.40198863636364
"8","pooledJasparNR.meme.txt","MA0233.1","mirr","WAACA",3.57e-07,0.00636,5.93,17865,0.0182,16998,868,1,9830,57.83,427,49.19,"mg19",1.17564545639358
"9","pooledJasparNR.meme.txt","MA0180.1","Vsx2","KTTAATTAG",4.91e-07,0.00874,8.14,17865,0.0184,17391,475,1,2644,15.2,36,7.58,"mg19",2.00527704485488
"1","pooledJasparNR.meme.txt","MA0604.1","Atf1","RTGACGTA",9.86e-13,1.76e-08,1.64e-05,17865,0.00773,577,17289,1,233,40.38,4590,26.55,"mg2",1.52090395480226
"2","pooledJasparNR.meme.txt","MA0498.2","MEIS1","HTGACAD",1.21e-09,2.16e-05,0.0202,17865,0.00919,8849,9017,1,4359,49.26,4039,44.79,"mg2",1.09979906229069
"3","pooledJasparNR.meme.txt","MA1460.1","pho","NNATGGCCGNN",2.59e-09,4.63e-05,0.0431,17865,0.00917,8218,9648,1.01,2307,28.07,2336,24.21,"mg2",1.15943824865758
"4","pooledJasparNR.meme.txt","MA0095.2","YY1","CAARATGGCBGC",3.54e-09,6.32e-05,0.0589,17865,0.00923,10154,7712,1.02,2876,28.32,1886,24.46,"mg2",1.15780866721177
"5","pooledJasparNR.meme.txt","MA0748.2","YY2","NVATGGCGGCS",3.92e-09,7e-05,0.0653,17865,0.00917,8129,9737,1.01,1940,23.87,1973,20.26,"mg2",1.1781836130306
"6","pooledJasparNR.meme.txt","MA1650.1","ZBTB14","SSCCGCGCACVS",4.21e-09,7.52e-05,0.0701,17865,0.00918,8336,9530,1.02,1761,21.13,1687,17.7,"mg2",1.19378531073446
"7","pooledJasparNR.meme.txt","MA0246.1","so","TGATAC",7.44e-09,0.000133,0.124,17865,0.00802,818,17048,1,354,43.28,5703,33.45,"mg2",1.29387144992526
"8","pooledJasparNR.meme.txt","MA1438.1","atf-7","WRTGACGTSA",8.01e-09,0.000143,0.133,17865,0.00773,577,17289,1.01,218,37.78,4620,26.72,"mg2",1.41392215568862
"9","pooledJasparNR.meme.txt","MA1704.1","zip-8","HDATGACGTCA",1.11e-08,0.000199,0.185,17865,0.00683,247,17619,1.01,80,32.39,3068,17.41,"mg2",1.86042504307869
"10","pooledJasparNR.meme.txt","MA1651.1","ZFP42","NNNHCAARATGGCTGCCNBNN",1.5e-08,0.000268,0.25,17865,0.00917,8262,9604,1.07,1564,18.93,1515,15.77,"mg2",1.2003804692454
"11","pooledJasparNR.meme.txt","MA0862.1","GMEB2","TTACGTAA",2.25e-08,0.000402,0.375,17865,0.0078,625,17241,1,206,32.96,3981,23.09,"mg2",1.42745777392811
"12","pooledJasparNR.meme.txt","MA1143.1","FOSL1::JUND(var.2)","RTGACGTMAY",3.88e-08,0.000694,0.646,17865,0.00773,577,17289,1,223,38.65,4844,28.02,"mg2",1.37937187723055
"13","pooledJasparNR.meme.txt","MA1136.1","FOSB::JUNB(var.2)","RTGACGTCAT",4.82e-08,0.000861,0.802,17865,0.0085,1627,16239,1.01,439,26.98,3427,21.1,"mg2",1.27867298578199
"14","pooledJasparNR.meme.txt","MA0024.3","E2F1","TTTGGCGCCAAA",5.01e-08,0.000895,0.834,17865,0.00916,7835,10031,1.01,1160,14.81,1210,12.06,"mg2",1.22802653399668
"15","pooledJasparNR.meme.txt","MA0492.1","JUND(var.2)","DDDRATGABGTCATN",5.17e-08,0.000923,0.86,17865,0.00936,15288,2578,1.01,2723,17.81,351,13.62,"mg2",1.30763582966226
"16","pooledJasparNR.meme.txt","MA1133.1","JUN::JUNB(var.2)","KRTGACGTCATN",8.64e-08,0.00154,1.44,17865,0.00854,1760,16106,1.01,477,27.1,3465,21.51,"mg2",1.25987912598791
"17","pooledJasparNR.meme.txt","MA0847.2","FOXD2","VYWAWGTAAACAW",8.91e-08,0.00159,1.48,17865,0.00863,2088,15778,1.01,629,30.12,3901,24.72,"mg2",1.21844660194175
"18","pooledJasparNR.meme.txt","MA0471.2","E2F6","VVDGGCGGGAAVV",9.94e-08,0.00177,1.65,17865,0.009,5062,12804,1.02,1794,35.44,4016,31.37,"mg2",1.12974179152056
"19","pooledJasparNR.meme.txt","MA0597.1","THAP1","YTGCCCDBA",1.16e-07,0.00207,1.93,17865,0.0092,9119,8747,1,4487,49.2,3965,45.33,"mg2",1.08537392455328
"20","pooledJasparNR.meme.txt","MA1487.1","FOXE1","BVYTAAAYAAACAAH",1.2e-07,0.00214,1.99,17865,0.00861,2009,15857,1.02,334,16.63,1962,12.37,"mg2",1.34438156831043
"21","pooledJasparNR.meme.txt","MA0018.4","CREB1","NNRTGATGTCAYN",1.26e-07,0.00224,2.09,17865,0.00936,15288,2578,1.01,3743,24.48,512,19.86,"mg2",1.23262839879154
"22","pooledJasparNR.meme.txt","MA0851.1","Foxj3","NDAADGTAAACAAANNM",1.76e-07,0.00315,2.93,17865,0.00913,7194,10672,1.02,2445,33.99,3239,30.35,"mg2",1.11993410214168
"23","pooledJasparNR.meme.txt","MA0517.1","STAT1::STAT2","THAGTTTCRKTTTCY",1.78e-07,0.00317,2.96,17865,0.0092,9037,8829,1.02,2399,26.55,2052,23.24,"mg2",1.14242685025818
"24","pooledJasparNR.meme.txt","MA0488.1","JUN","DDRATGATGTCAT",2.14e-07,0.00381,3.55,17865,0.00936,15288,2578,1.01,2892,18.92,382,14.82,"mg2",1.27665317139001
"25","pooledJasparNR.meme.txt","MA1129.1","FOSL1::JUN(var.2)","ATGACGTCAT",2.33e-07,0.00415,3.87,17865,0.00899,4937,12929,1.01,1276,25.85,2876,22.24,"mg2",1.16232014388489
"26","pooledJasparNR.meme.txt","MA1583.1","ZFP57","NNVTTGCCGCANN",2.4e-07,0.00429,3.99,17865,0.00921,9445,8421,1.01,1223,12.95,885,10.51,"mg2",1.23215984776403
"27","pooledJasparNR.meme.txt","MA0504.1","NR2C2","VGRGGTCARAGGTCA",3.5e-07,0.00624,5.81,17865,0.00899,4939,12927,1.04,961,19.46,2105,16.28,"mg2",1.1953316953317
"28","pooledJasparNR.meme.txt","MA0092.1","Hand1::Tcf3","BRTCTGGMWT",3.63e-07,0.00646,6.03,17865,0.00941,16136,1730,1.01,4859,30.11,423,24.45,"mg2",1.23149284253579
"29","pooledJasparNR.meme.txt","MA0653.1","IRF9","AACGAAACCGAAACT",4.18e-07,0.00744,6.93,17865,0.00916,7884,9982,1.05,256,3.25,205,2.05,"mg2",1.58536585365854
"30","pooledJasparNR.meme.txt","MA1119.1","SIX2","NNCTGAAACCTGATMY",4.3e-07,0.00765,7.13,17865,0.00815,953,16913,1.02,195,20.46,2428,14.36,"mg2",1.42479108635097
"31","pooledJasparNR.meme.txt","MA0204.1","Six4","TGAYAC",4.65e-07,0.00827,7.7,17865,0.00793,734,17132,1,326,44.41,6058,35.36,"mg2",1.25593891402715
"32","pooledJasparNR.meme.txt","MA1642.1","NEUROG2(var.2)","NNVACAGATGGNN",5.97e-07,0.0106,9.9,17865,0.00932,14263,3603,1.01,2233,15.66,449,12.46,"mg2",1.25682182985554
"1","pooledJasparNR.meme.txt","MA0831.2","TFE3","CACGTGAY",1.81e-22,3.23e-18,3.01e-15,17865,0.00756,352,17514,1.01,146,41.48,3278,18.72,"mg20",2.21581196581197
"2","pooledJasparNR.meme.txt","MA0620.3","MITF","NNNDRTCACGTGAYHNNN",5.55e-18,9.92e-14,9.25e-11,17865,0.00849,740,17126,1.02,176,23.78,2063,12.05,"mg20",1.97344398340249
"3","pooledJasparNR.meme.txt","MA0692.1","TFEB","RYCACGTGAC",6.85e-16,1.22e-11,1.14e-08,17865,0.00773,396,17470,1.01,134,33.84,2958,16.93,"mg20",1.99881866509155
"4","pooledJasparNR.meme.txt","MA1449.1","hlh-30","NRTCACGTGAYN",2.67e-15,4.77e-11,4.45e-08,17865,0.00849,740,17126,1.01,189,25.54,2442,14.26,"mg20",1.79102384291725
"5","pooledJasparNR.meme.txt","MA0093.3","USF1","NDGTCATGTGACHN",1.66e-12,2.97e-08,2.77e-05,17865,0.00849,740,17126,1.02,165,22.3,2179,12.72,"mg20",1.75314465408805
"6","pooledJasparNR.meme.txt","MA0526.3","USF2","NDGTCATGTGACHN",7.74e-12,1.38e-07,0.000129,17865,0.0093,2379,15487,1.02,438,18.41,2027,13.09,"mg20",1.40641711229947
"7","pooledJasparNR.meme.txt","MA0847.2","FOXD2","VYWAWGTAAACAW",2.26e-09,4.04e-05,0.0376,17865,0.00951,3905,13961,1.01,1133,29.01,3397,24.33,"mg20",1.19235511713933
"8","pooledJasparNR.meme.txt","MA1119.1","SIX2","NNCTGAAACCTGATMY",9.2e-09,0.000164,0.153,17865,0.00926,2203,15663,1.02,414,18.79,2209,14.1,"mg20",1.33262411347518
"9","pooledJasparNR.meme.txt","MA0217.1","caup","TAACA",4.61e-08,0.000824,0.768,17865,0.0087,935,16931,1,464,49.63,6887,40.68,"mg20",1.22000983284169
"10","pooledJasparNR.meme.txt","MA0498.2","MEIS1","HTGACAD",1.81e-07,0.00322,3,17865,0.00955,4404,13462,1,2217,50.34,6181,45.91,"mg20",1.09649313874973
"11","pooledJasparNR.meme.txt","MA0639.1","DBP","NRTTACGTAAYV",4.36e-07,0.00775,7.23,17865,0.00941,2996,14870,1.01,445,14.85,1717,11.55,"mg20",1.28571428571429
"1","pooledJasparNR.meme.txt","MA0604.1","Atf1","RTGACGTA",7.34e-14,1.31e-09,1.22e-06,17865,0.00969,390,17476,1,173,44.36,4650,26.61,"mg21",1.66704246523863
"2","pooledJasparNR.meme.txt","MA1131.1","FOSL2::JUN(var.2)","GRTGACGTMAT",1.11e-13,1.98e-09,1.84e-06,17865,0.0107,1351,16515,1.01,375,27.76,3158,19.12,"mg21",1.45188284518828
"3","pooledJasparNR.meme.txt","MA0519.1","Stat5a::Stat5b","DTTTCCMAGAA",6.06e-13,1.08e-08,1.01e-05,17865,0.0109,1687,16179,1.01,505,29.93,3569,22.06,"mg21",1.35675430643699
"4","pooledJasparNR.meme.txt","MA1129.1","FOSL1::JUN(var.2)","ATGACGTCAT",2.12e-12,3.79e-08,3.53e-05,17865,0.00999,532,17334,1.01,194,36.47,3958,22.83,"mg21",1.59745948313622
"5","pooledJasparNR.meme.txt","MA1139.1","FOSL2::JUNB(var.2)","DATGACGTCATH",2.22e-12,3.97e-08,3.7e-05,17865,0.0105,942,16924,1.01,263,27.92,3107,18.36,"mg21",1.52069716775599
"6","pooledJasparNR.meme.txt","MA1632.1","ATF2","NNATGABGTCATN",4.1e-12,7.33e-08,6.83e-05,17865,0.0101,590,17276,1.01,179,30.34,3177,18.39,"mg21",1.64980967917346
"7","pooledJasparNR.meme.txt","MA1625.1","Stat5b","NNNTTCCCAGAANNN",7.03e-12,1.26e-07,0.000117,17865,0.0097,392,17474,1.01,132,33.67,3312,18.95,"mg21",1.77678100263852
"8","pooledJasparNR.meme.txt","MA1136.1","FOSB::JUNB(var.2)","RTGACGTCAT",7.54e-12,1.35e-07,0.000125,17865,0.01,557,17309,1.01,189,33.93,3677,21.24,"mg21",1.59745762711864
"9","pooledJasparNR.meme.txt","MA0488.1","JUN","DDRATGATGTCAT",1.82e-11,3.25e-07,0.000303,17865,0.0101,605,17261,1.01,177,29.26,3097,17.94,"mg21",1.63099219620959
"10","pooledJasparNR.meme.txt","MA1140.2","JUNB(var.2)","GATGACGTCAYC",2.15e-11,3.84e-07,0.000358,17865,0.0105,906,16960,1.02,158,17.44,1695,9.99,"mg21",1.74574574574575
"11","pooledJasparNR.meme.txt","MA1127.1","FOSB::JUN","GATGACGTCAT",2.87e-11,5.13e-07,0.000478,17865,0.0101,588,17278,1.01,193,32.82,3613,20.91,"mg21",1.56958393113343
"12","pooledJasparNR.meme.txt","MA0532.1","Stat92E","YGVADTTCYNRGAAW",6.25e-11,1.12e-06,0.00104,17865,0.0102,675,17191,1.02,223,33.04,3777,21.97,"mg21",1.50386891215294
"13","pooledJasparNR.meme.txt","MA1704.1","zip-8","HDATGACGTCA",1.4e-10,2.5e-06,0.00233,17865,0.0105,934,16932,1.01,240,25.7,2908,17.17,"mg21",1.49679673849738
"14","pooledJasparNR.meme.txt","MA0639.1","DBP","NRTTACGTAAYV",1.5e-10,2.67e-06,0.00249,17865,0.0105,910,16956,1.01,175,19.23,1987,11.72,"mg21",1.64078498293515
"15","pooledJasparNR.meme.txt","MA0840.1","Creb5","NATGACGTCAYH",1.61e-10,2.88e-06,0.00268,17865,0.0104,874,16992,1.02,184,21.05,2223,13.08,"mg21",1.60932721712538
"16","pooledJasparNR.meme.txt","MA0656.1","JDP2(var.2)","GATGACGTCAYC",2.5e-10,4.46e-06,0.00415,17865,0.0105,906,16960,1.02,152,16.78,1667,9.83,"mg21",1.70701932858596
"17","pooledJasparNR.meme.txt","MA1145.1","FOSL2::JUND(var.2)","NNRTGACGTCAYHSN",2.5e-10,4.47e-06,0.00417,17865,0.0101,588,17278,1.02,171,29.08,3156,18.27,"mg21",1.59168035030104
"18","pooledJasparNR.meme.txt","MA0862.1","GMEB2","TTACGTAA",3.95e-10,7.06e-06,0.00658,17865,0.00999,532,17334,1,187,35.15,4000,23.08,"mg21",1.52296360485269
"19","pooledJasparNR.meme.txt","MA1636.1","CEBPG(var.2)","NDATGATGCAATMHH",8.13e-10,1.45e-05,0.0135,17865,0.0105,971,16895,1.01,252,25.95,3019,17.87,"mg21",1.45215444879687
"20","pooledJasparNR.meme.txt","MA0605.2","ATF3","RRTGACGTCAYY",8.24e-10,1.47e-05,0.0137,17865,0.0104,874,16992,1.02,145,16.59,1659,9.76,"mg21",1.69979508196721
"21","pooledJasparNR.meme.txt","MA0518.1","Stat4","YTTCYRGGAARNVR",2.8e-09,5.01e-05,0.0467,17865,0.0109,1780,16086,1.01,505,28.37,3555,22.1,"mg21",1.28371040723982
"22","pooledJasparNR.meme.txt","MA0492.1","JUND(var.2)","DDDRATGABGTCATN",3.06e-09,5.46e-05,0.0509,17865,0.00985,464,17402,1.01,130,28.02,2944,16.92,"mg21",1.65602836879433
"23","pooledJasparNR.meme.txt","MA1133.1","JUN::JUNB(var.2)","KRTGACGTCATN",3.71e-09,6.62e-05,0.0617,17865,0.0105,956,16910,1.01,286,29.92,3656,21.62,"mg21",1.38390379278446
"24","pooledJasparNR.meme.txt","MA1438.1","atf-7","WRTGACGTSA",3.74e-09,6.69e-05,0.0623,17865,0.01,557,17309,1.01,213,38.24,4625,26.72,"mg21",1.4311377245509
"25","pooledJasparNR.meme.txt","MA0834.1","ATF7","NDATGACGTCATMV",4.06e-09,7.25e-05,0.0675,17865,0.0102,634,17232,1.02,111,17.51,1691,9.81,"mg21",1.78491335372069
"26","pooledJasparNR.meme.txt","MA0833.2","ATF4","DDATGATGCAATMN",9.22e-09,0.000165,0.154,17865,0.0113,6263,11603,1.01,1126,17.98,1708,14.72,"mg21",1.22146739130435
"27","pooledJasparNR.meme.txt","MA0778.1","NFKB2","AGGGGAWTCCCCY",1e-08,0.000179,0.167,17865,0.00935,287,17579,1.03,40,13.94,882,5.02,"mg21",2.77689243027888
"28","pooledJasparNR.meme.txt","MA1143.1","FOSL1::JUND(var.2)","RTGACGTMAY",1.2e-08,0.000215,0.2,17865,0.0101,588,17278,1,229,38.95,4838,28,"mg21",1.39107142857143
"29","pooledJasparNR.meme.txt","MA1126.1","FOS::JUN(var.2)","DRTGACGTCATHNDTN",1.87e-08,0.000334,0.311,17865,0.0101,588,17278,1.02,197,33.5,4016,23.24,"mg21",1.44148020654045
"30","pooledJasparNR.meme.txt","MA0447.1","gt","RTTACGTAAY",2.61e-08,0.000466,0.434,17865,0.0108,1511,16355,1.01,234,15.49,1742,10.65,"mg21",1.45446009389671
"31","pooledJasparNR.meme.txt","MA0843.1","TEF","BRTTACRTAAYM",2.96e-08,0.000528,0.492,17865,0.011,2234,15632,1.01,234,10.47,1106,7.08,"mg21",1.47881355932203
"32","pooledJasparNR.meme.txt","MA1624.1","Stat5a","NTTCCAAGAANH",5.11e-08,0.000912,0.85,17865,0.0109,1753,16113,1.01,491,28.01,3584,22.24,"mg21",1.25944244604317
"33","pooledJasparNR.meme.txt","MA0107.1","RELA","GGGRATTTCC",8.97e-08,0.0016,1.49,17865,0.00762,88,17778,1.01,28,31.82,1912,10.75,"mg21",2.96
"34","pooledJasparNR.meme.txt","MA0495.3","MAFF","DWGTCAGCATTTTWHN",2.5e-07,0.00446,4.16,17865,0.0104,851,17015,1.01,236,27.73,3451,20.28,"mg21",1.36735700197239
"35","pooledJasparNR.meme.txt","MA0659.2","MAFG","DAGTCAGCATTTYHN",3.02e-07,0.00539,5.02,17865,0.0107,1367,16499,1.01,341,24.95,3164,19.18,"mg21",1.30083420229406
"36","pooledJasparNR.meme.txt","MA0924.1","pal-1","GTAATWAA",5.17e-07,0.00919,8.57,17865,0.0111,2710,15156,1,880,32.47,4214,27.8,"mg21",1.16798561151079
"1","pooledJasparNR.meme.txt","MA0182.1","CG4328-RA","WTWATTR",2.65e-09,4.73e-05,0.044,17865,0.0236,17562,304,1,5092,28.99,44,14.47,"mg22",2.00345542501728
"2","pooledJasparNR.meme.txt","MA0174.1","Dbx","TTWATKA",6.68e-09,0.000119,0.111,17865,0.0236,17563,303,1,6277,35.74,62,20.46,"mg22",1.74682306940371
"3","pooledJasparNR.meme.txt","MA1559.1","SNAI3","RRCAGGTGYA",7.68e-09,0.000137,0.128,17865,0.0147,39,17827,1.01,16,41.03,1338,7.51,"mg22",5.46338215712384
"4","pooledJasparNR.meme.txt","MA0745.2","SNAI2","NBGCACCTGTMNY",8.31e-09,0.000148,0.138,17865,0.015,40,17826,1.01,17,42.5,1509,8.47,"mg22",5.01770956316411
"5","pooledJasparNR.meme.txt","MA0820.1","FIGLA","WMCACCTGKW",8.05e-08,0.00144,1.34,17865,0.0151,41,17825,1.01,27,65.85,4580,25.69,"mg22",2.56325418450759
"6","pooledJasparNR.meme.txt","MA0448.1","H2.0","TTWATDA",3.25e-07,0.00579,5.4,17865,0.0236,17568,298,1,4619,26.29,42,14.09,"mg22",1.86586231369766
"7","pooledJasparNR.meme.txt","MA0785.1","POU2F1","AWTATGCWAATK",5.12e-07,0.0091,8.48,17865,0.0228,3004,14862,1.01,728,24.23,3000,20.19,"mg22",1.20009905894007
"8","pooledJasparNR.meme.txt","MA1558.1","SNAI1","DRCAGGTGYD",5.62e-07,0.00999,9.31,17865,0.0116,26,17840,1.01,15,57.69,2643,14.82,"mg22",3.89271255060729
"9","pooledJasparNR.meme.txt","MA0078.1","Sox17","NHYATTGTS",5.65e-07,0.01,9.36,17865,0.0235,17519,347,1,5168,29.5,62,17.87,"mg22",1.65081141578064
"1","pooledJasparNR.meme.txt","MA0461.2","Atoh1","RMCATATGBY",2.19e-10,3.92e-06,0.00365,17865,0.0115,125,17741,1.01,40,32,1930,10.88,"mg23",2.94117647058824
"2","pooledJasparNR.meme.txt","MA1468.1","ATOH7","AVCATATGBY",5.46e-08,0.000974,0.908,17865,0.0119,147,17719,1.01,49,33.33,2715,15.32,"mg23",2.17558746736292
"3","pooledJasparNR.meme.txt","MA0817.1","BHLHE23","AAACATATGBTN",1.1e-07,0.00195,1.82,17865,0.0142,3645,14221,1.01,225,6.17,581,4.09,"mg23",1.50855745721271
"4","pooledJasparNR.meme.txt","MA0669.1","NEUROG2","RACATATGTC",1.27e-07,0.00226,2.11,17865,0.011,104,17762,1.01,19,18.27,770,4.34,"mg23",4.20967741935484
"5","pooledJasparNR.meme.txt","MA0678.1","OLIG2","AMCATATGKT",2.55e-07,0.00455,4.24,17865,0.0142,4199,13667,1.01,437,10.41,1076,7.87,"mg23",1.32274459974587
"6","pooledJasparNR.meme.txt","MA0607.1","Bhlha15","SCATATGT",2.59e-07,0.00461,4.3,17865,0.0115,126,17740,1,48,38.1,3294,18.57,"mg23",2.05169628432956
"7","pooledJasparNR.meme.txt","MA0827.1","OLIG3","AMCATATGBY",5.45e-07,0.00969,9.03,17865,0.0134,490,17376,1.01,107,21.84,2353,13.54,"mg23",1.61299852289513
"1","pooledJasparNR.meme.txt","MA1131.1","FOSL2::JUN(var.2)","GRTGACGTMAT",2.43e-07,0.00433,4.04,17865,0.0253,6647,11219,1.01,1445,21.74,2088,18.61,"mg24",1.16818914562063
"2","pooledJasparNR.meme.txt","MA1114.1","PBX3","NNNTGAGTGACAGGBNN",5.97e-07,0.0106,9.89,17865,0.0252,4923,12943,1.03,825,16.76,1791,13.84,"mg24",1.21098265895954
"1","pooledJasparNR.meme.txt","MA0095.2","YY1","CAARATGGCBGC",2.19e-10,3.91e-06,0.00365,17865,0.0115,9212,8654,1.02,2640,28.66,2122,24.52,"mg25",1.16884176182708
"2","pooledJasparNR.meme.txt","MA1500.1","HOXB6","BTAATKRC",5.91e-08,0.00106,0.983,17865,0.0113,3640,14226,1,808,22.2,2598,18.26,"mg25",1.2157721796276
"3","pooledJasparNR.meme.txt","MA0187.1","Dll","TAATTRY",6.2e-08,0.00111,1.03,17865,0.0113,4377,13489,1,1210,27.64,3188,23.63,"mg25",1.16969953449006
"1","pooledJasparNR.meme.txt","MA0498.2","MEIS1","HTGACAD",1.92e-11,3.44e-07,0.00032,17865,0.0107,9688,8178,1,4774,49.28,3624,44.31,"mg26",1.11216429699842
"2","pooledJasparNR.meme.txt","MA0252.1","vis","TGACAS",4.43e-09,7.91e-05,0.0737,17865,0.0107,9694,8172,1,4512,46.54,3452,42.24,"mg26",1.10179924242424
"3","pooledJasparNR.meme.txt","MA0207.1","achi","TGACAG",3e-08,0.000536,0.5,17865,0.0107,9500,8366,1,3673,38.66,2906,34.74,"mg26",1.11283822682786
"4","pooledJasparNR.meme.txt","MA0227.1","hth","TGACAK",3.67e-08,0.000655,0.61,17865,0.0107,9653,8213,1,4442,46.02,3449,41.99,"mg26",1.09597523219814
"1","pooledJasparNR.meme.txt","MA0509.2","RFX1","NDGTTGCYATGGNA",7.56e-12,1.35e-07,0.000126,17865,0.0147,104,17762,1.02,40,38.46,2143,12.07,"mg27",3.1864125932063
"2","pooledJasparNR.meme.txt","MA0798.2","RFX3","BNGTTGCYATGGHA",3.49e-10,6.24e-06,0.00581,17865,0.0146,101,17765,1.02,36,35.64,2066,11.63,"mg27",3.06448839208942
"3","pooledJasparNR.meme.txt","MA0799.1","RFX4","NGTWRCCATGGYWACS",1.31e-07,0.00234,2.18,17865,0.0157,191,17675,1.04,35,18.32,1215,6.87,"mg27",2.66666666666667
"4","pooledJasparNR.meme.txt","MA0704.1","Lhx4","YTAATTAR",3.07e-07,0.00547,5.1,17865,0.0165,397,17469,1,128,32.24,3708,21.23,"mg27",1.51860574658502
"1","pooledJasparNR.meme.txt","MA0498.2","MEIS1","HTGACAD",2.75e-09,4.92e-05,0.0458,17865,0.0121,698,17168,1,404,57.88,7994,46.56,"mg28",1.24312714776632
"2","pooledJasparNR.meme.txt","MA1143.1","FOSL1::JUND(var.2)","RTGACGTMAY",2.04e-08,0.000365,0.34,17865,0.0128,6786,11080,1,2086,30.74,2981,26.9,"mg28",1.14275092936803
"3","pooledJasparNR.meme.txt","MA0032.2","FOXC1","WAWGTAAAYAW",4.39e-08,0.000784,0.73,17865,0.0124,1431,16435,1,649,45.35,6258,38.08,"mg28",1.19091386554622
"4","pooledJasparNR.meme.txt","MA1119.1","SIX2","NNCTGAAACCTGATMY",5.42e-08,0.000969,0.903,17865,0.0126,2650,15216,1.02,481,18.15,2142,14.08,"mg28",1.2890625
"5","pooledJasparNR.meme.txt","MA1131.1","FOSL2::JUN(var.2)","GRTGACGTMAT",9.98e-08,0.00178,1.66,17865,0.0115,286,17580,1.01,94,32.87,3439,19.56,"mg28",1.68047034764826
"6","pooledJasparNR.meme.txt","MA0182.1","CG4328-RA","WTWATTR",1.08e-07,0.00192,1.79,17865,0.0134,17682,184,1,5113,28.92,23,12.5,"mg28",2.3136
"7","pooledJasparNR.meme.txt","MA1133.1","JUN::JUNB(var.2)","KRTGACGTCATN",2.67e-07,0.00476,4.44,17865,0.0115,267,17599,1.01,95,35.58,3847,21.86,"mg28",1.62763037511436
"8","pooledJasparNR.meme.txt","MA1438.1","atf-7","WRTGACGTSA",2.69e-07,0.0048,4.47,17865,0.0128,6786,11080,1.01,1983,29.22,2855,25.77,"mg28",1.13387660069849
"9","pooledJasparNR.meme.txt","MA0071.1","RORA","AWMWAGGTCA",3.17e-07,0.00565,5.27,17865,0.0116,317,17549,1.01,118,37.22,4277,24.37,"mg28",1.52728764874846
"10","pooledJasparNR.meme.txt","MA0078.1","Sox17","NHYATTGTS",3.95e-07,0.00703,6.55,17865,0.013,15342,2524,1,4595,29.95,635,25.16,"mg28",1.19038155802862
"11","pooledJasparNR.meme.txt","MA1139.1","FOSL2::JUNB(var.2)","DATGACGTCATH",4.7e-07,0.00836,7.79,17865,0.0115,267,17599,1.01,84,31.46,3286,18.67,"mg28",1.68505623995715
"12","pooledJasparNR.meme.txt","MA0845.1","FOXB1","WATGTAAATAT",5.93e-07,0.0105,9.83,17865,0.0124,1431,16435,1.01,463,32.35,4320,26.29,"mg28",1.23050589577786
"1","pooledJasparNR.meme.txt","MA0790.1","POU4F1","ATGMATAATTAATG",2.98e-49,5.32e-45,4.96e-42,17865,0.00764,883,16983,1.01,346,39.18,2966,17.46,"mg29",2.24398625429553
"2","pooledJasparNR.meme.txt","MA0791.1","POU4F3","RTGMATWATTAATGAR",2.9e-47,5.18e-43,4.83e-40,17865,0.00781,1216,16650,1.02,395,32.48,2525,15.17,"mg29",2.14106789716546
"3","pooledJasparNR.meme.txt","MA0254.1","vvl","TATKCA",9.11e-19,1.63e-14,1.52e-11,17865,0.00781,1215,16651,1,417,34.32,3792,22.77,"mg29",1.50724637681159
"4","pooledJasparNR.meme.txt","MA0683.1","POU4F2","RTGCATAATTAATGAG",4.73e-13,8.46e-09,7.88e-06,17865,0.00781,1212,16654,1.03,103,8.5,623,3.74,"mg29",2.27272727272727
"5","pooledJasparNR.meme.txt","MA0183.1","HHEX","WTKAATTA",1.61e-08,0.000287,0.267,17865,0.00705,442,17424,1,159,35.97,4174,23.96,"mg29",1.50125208681135
"6","pooledJasparNR.meme.txt","MA0798.2","RFX3","BNGTTGCYATGGHA",1.01e-07,0.0018,1.68,17865,0.00742,679,17187,1.02,126,18.56,1976,11.5,"mg29",1.61391304347826
"1","pooledJasparNR.meme.txt","MA1619.1","Ptf1a(var.2)","NNACAGCTGTNN",5.83e-08,0.00104,0.97,17865,0.0144,1859,16007,1.01,334,17.97,2131,13.31,"mg3",1.35011269722014
"2","pooledJasparNR.meme.txt","MA0253.1","vnd","TYTCAAGTR",4.53e-07,0.00807,7.52,17865,0.0152,17371,495,1.01,4196,24.16,74,14.95,"mg3",1.61605351170569
"3","pooledJasparNR.meme.txt","MA0078.1","Sox17","NHYATTGTS",4.83e-07,0.00859,8.01,17865,0.015,16983,883,1,5035,29.65,195,22.08,"mg3",1.34284420289855
"1","pooledJasparNR.meme.txt","MA0183.1","HHEX","WTKAATTA",6.4e-08,0.00114,1.06,17865,0.00951,5196,12670,1,1399,26.92,2934,23.16,"mg30",1.16234887737478
"2","pooledJasparNR.meme.txt","MA0537.1","blmp-1","RAAAGWGARAR",2.24e-07,0.004,3.73,17865,0.00904,1082,16784,1.01,793,73.29,11059,65.89,"mg30",1.11230839277584
"3","pooledJasparNR.meme.txt","MA0790.1","POU4F1","ATGMATAATTAATG",2.32e-07,0.00414,3.86,17865,0.00919,1504,16362,1.01,354,23.54,2958,18.08,"mg30",1.30199115044248
"4","pooledJasparNR.meme.txt","MA0791.1","POU4F3","RTGMATWATTAATGAR",2.9e-07,0.00516,4.81,17865,0.00919,1504,16362,1.02,317,21.08,2603,15.91,"mg30",1.32495285983658
"5","pooledJasparNR.meme.txt","MA0606.1","NFAT5","NTTTTCCAYN",2.91e-07,0.00518,4.83,17865,0.00919,1512,16354,1,1177,77.84,11762,71.92,"mg30",1.08231368186874
"1","pooledJasparNR.meme.txt","MA0182.1","CG4328-RA","WTWATTR",9.27e-10,1.66e-05,0.0154,17865,0.0234,17464,402,1,5072,29.04,64,15.92,"mg31",1.82412060301508
"2","pooledJasparNR.meme.txt","MA0180.1","Vsx2","KTTAATTAG",1.61e-08,0.000287,0.267,17865,0.0232,17147,719,1,2621,15.29,59,8.21,"mg31",1.86236297198538
"3","pooledJasparNR.meme.txt","MA0078.1","Sox17","NHYATTGTS",1.87e-08,0.000335,0.312,17865,0.0234,17429,437,1,5152,29.56,78,17.85,"mg31",1.65602240896359
"4","pooledJasparNR.meme.txt","MA0174.1","Dbx","TTWATKA",2.71e-08,0.000484,0.451,17865,0.0234,17434,432,1,6238,35.78,101,23.38,"mg31",1.53036783575706
"5","pooledJasparNR.meme.txt","MA0448.1","H2.0","TTWATDA",6.37e-08,0.00114,1.06,17865,0.0234,17458,408,1,4599,26.34,62,15.2,"mg31",1.73289473684211
"6","pooledJasparNR.meme.txt","MA0236.1","otp","YTAATTA",6.69e-08,0.0012,1.11,17865,0.0168,76,17790,1,38,50,3883,21.83,"mg31",2.29042601923958
"7","pooledJasparNR.meme.txt","MA0206.1","abd-A","TTAATKA",1.06e-07,0.00189,1.76,17865,0.0208,219,17647,1,87,39.73,4168,23.62,"mg31",1.68204911092295
"8","pooledJasparNR.meme.txt","MA0221.1","eve","YTAATKA",1.53e-07,0.00272,2.54,17865,0.0228,11873,5993,1,2504,21.09,1070,17.85,"mg31",1.18151260504202
"9","pooledJasparNR.meme.txt","MA0230.1","lab","TTAATKA",1.7e-07,0.00304,2.83,17865,0.0208,219,17647,1,89,40.64,4349,24.64,"mg31",1.64935064935065
"10","pooledJasparNR.meme.txt","MA0189.1","E5","YTAATKA",2.75e-07,0.00489,4.56,17865,0.0228,12137,5729,1,2486,20.48,992,17.32,"mg31",1.1824480369515
"11","pooledJasparNR.meme.txt","MA0210.1","ara","WAACA",4.2e-07,0.00747,6.96,17865,0.0234,17470,396,1,9219,52.77,159,40.15,"mg31",1.31432129514321
"12","pooledJasparNR.meme.txt","MA0215.1","btn","TTAATKA",4.67e-07,0.0083,7.74,17865,0.0228,13330,4536,1,3570,26.78,1048,23.1,"mg31",1.15930735930736
"1","pooledJasparNR.meme.txt","MA0779.1","PAX1","CGTCACGCWTGAVTGMM",1.34e-16,2.39e-12,2.23e-09,17865,0.00851,426,17440,1.07,32,7.51,185,1.06,"mg33",7.08490566037736
"2","pooledJasparNR.meme.txt","MA0069.1","PAX6","TTCACGCWTSANTK",4.71e-15,8.41e-11,7.84e-08,17865,0.00884,491,17375,1.02,114,23.22,1857,10.69,"mg33",2.17212347988775
"3","pooledJasparNR.meme.txt","MA0210.1","ara","WAACA",1.38e-12,2.46e-08,2.3e-05,17865,0.00802,365,17501,1,257,70.41,9121,52.12,"mg33",1.35092095165004
"4","pooledJasparNR.meme.txt","MA0781.1","PAX9","CGTCACGCWTGASTGMM",4e-12,7.15e-08,6.66e-05,17865,0.00837,407,17459,1.09,16,3.93,55,0.32,"mg33",12.28125
"5","pooledJasparNR.meme.txt","MA1461.1","sv","NBCASTSAWGCGTGACG",2.38e-11,4.26e-07,0.000397,17865,0.00851,426,17440,1.06,30,7.04,265,1.52,"mg33",4.63157894736842
"6","pooledJasparNR.meme.txt","MA0084.1","SRY","NWWAACAAT",4.17e-10,7.44e-06,0.00694,17865,0.00836,406,17460,1,299,73.65,10258,58.75,"mg33",1.2536170212766
"7","pooledJasparNR.meme.txt","MA0189.1","E5","YTAATKA",1.25e-09,2.23e-05,0.0208,17865,0.0104,15414,2452,1,3107,20.16,371,15.13,"mg33",1.33245208195638
"8","pooledJasparNR.meme.txt","MA1441.1","lim-7","NCTTAATKDMH",6.7e-09,0.00012,0.112,17865,0.0104,14878,2988,1,2863,19.24,445,14.89,"mg33",1.29214237743452
"9","pooledJasparNR.meme.txt","MA0892.1","GSX1","NCYMATTAVN",1.02e-08,0.000181,0.169,17865,0.0102,8161,9705,1,1233,15.11,1185,12.21,"mg33",1.23751023751024
"10","pooledJasparNR.meme.txt","MA0174.1","Dbx","TTWATKA",1.21e-08,0.000216,0.201,17865,0.011,17457,409,1,6246,35.78,93,22.74,"mg33",1.57343887423043
"11","pooledJasparNR.meme.txt","MA0194.1","Lim1","TTAATTA",1.22e-08,0.000218,0.203,17865,0.00735,305,17561,1,138,45.25,5232,29.79,"mg33",1.51896609600537
"12","pooledJasparNR.meme.txt","MA0233.1","mirr","WAACA",1.52e-08,0.000272,0.253,17865,0.00805,370,17496,1,264,71.35,9993,57.12,"mg33",1.24912464985994
"13","pooledJasparNR.meme.txt","MA0868.2","SOX8","MGAACAATRG",1.62e-08,0.000289,0.27,17865,0.00925,581,17285,1.01,272,46.82,6113,35.37,"mg33",1.32372066723212
"14","pooledJasparNR.meme.txt","MA0215.1","btn","TTAATKA",1.76e-08,0.000315,0.293,17865,0.0102,10972,6894,1,2993,27.28,1625,23.57,"mg33",1.15740347899873
"15","pooledJasparNR.meme.txt","MA1152.1","SOX15","CYWTTGTTHW",2.31e-08,0.000413,0.385,17865,0.00948,659,17207,1,460,69.8,10196,59.25,"mg33",1.17805907172996
"16","pooledJasparNR.meme.txt","MA0221.1","eve","YTAATKA",3e-08,0.000537,0.5,17865,0.0105,16302,1564,1,3341,20.49,233,14.9,"mg33",1.3751677852349
"17","pooledJasparNR.meme.txt","MA0012.1","br(var.3)","TAAACWARWNS",3.12e-08,0.000557,0.519,17865,0.00785,346,17520,1,208,60.12,7939,45.31,"mg33",1.32685941293313
"18","pooledJasparNR.meme.txt","MA0202.1","Rx","YTAATTR",3.19e-08,0.00057,0.531,17865,0.00831,401,17465,1,140,34.91,3973,22.75,"mg33",1.53450549450549
"19","pooledJasparNR.meme.txt","MA0040.1","Foxq1","HATTGTTTATW",3.31e-08,0.000591,0.551,17865,0.00821,391,17475,1.01,149,38.11,4442,25.42,"mg33",1.49921321793863
"20","pooledJasparNR.meme.txt","MA0919.1","dsc-1","NYTAATTARN",4.95e-08,0.000885,0.825,17865,0.0104,15411,2455,1,2428,15.75,287,11.69,"mg33",1.34730538922156
"21","pooledJasparNR.meme.txt","MA0170.1","C15","TTAAWKR",5.42e-08,0.000968,0.902,17865,0.0104,14595,3271,1,3419,23.43,627,19.17,"mg33",1.22222222222222
"22","pooledJasparNR.meme.txt","MA0619.1","LIN54","DTTTRAATH",6.96e-08,0.00124,1.16,17865,0.00825,395,17471,1,312,78.99,11655,66.71,"mg33",1.18408034777395
"23","pooledJasparNR.meme.txt","MA0033.2","FOXL1","RTAAACA",8e-08,0.00143,1.33,17865,0.00595,189,17677,1,113,59.79,7156,40.48,"mg33",1.4770256916996
"24","pooledJasparNR.meme.txt","MA0196.1","NK7.1","TTAATTR",9.08e-08,0.00162,1.51,17865,0.0102,7875,9991,1,1856,23.57,2029,20.31,"mg33",1.16051206302314
"25","pooledJasparNR.meme.txt","MA0175.1","lms","YTAATTR",9.63e-08,0.00172,1.6,17865,0.0102,8721,9145,1,1841,21.11,1647,18.01,"mg33",1.17212659633537
"26","pooledJasparNR.meme.txt","MA0228.1","ind","YTAATKA",9.99e-08,0.00178,1.66,17865,0.0102,11167,6699,1,2602,23.3,1338,19.97,"mg33",1.16675012518778
"27","pooledJasparNR.meme.txt","MA0157.2","FOXO3","GTAAACAW",1.13e-07,0.00202,1.88,17865,0.00804,369,17497,1,125,33.88,3828,21.88,"mg33",1.54844606946984
"28","pooledJasparNR.meme.txt","MA0703.2","LMX1B","AWTTTAATTAA",1.18e-07,0.00211,1.96,17865,0.0084,411,17455,1,118,28.71,3149,18.04,"mg33",1.59146341463415
"29","pooledJasparNR.meme.txt","MA0903.1","HOXB3","NNYMATTARN",1.29e-07,0.0023,2.14,17865,0.0102,9123,8743,1,1624,17.8,1306,14.94,"mg33",1.19143239625167
"30","pooledJasparNR.meme.txt","MA0077.1","SOX9","CYATTGTTY",2.55e-07,0.00454,4.23,17865,0.00888,499,17367,1,207,41.48,5312,30.59,"mg33",1.35599869238313
"31","pooledJasparNR.meme.txt","MA0675.1","NKX6-2","NYMATTAA",2.59e-07,0.00462,4.31,17865,0.0101,7447,10419,1,1613,21.66,1938,18.6,"mg33",1.16451612903226
"32","pooledJasparNR.meme.txt","MA0710.1","NOTO","NYTAATTAVN",2.81e-07,0.005,4.66,17865,0.0102,9240,8626,1,1816,19.65,1445,16.75,"mg33",1.17313432835821
"33","pooledJasparNR.meme.txt","MA0849.1","FOXO6","GTAAACA",2.95e-07,0.00525,4.89,17865,0.00801,362,17504,1,157,43.37,5362,30.63,"mg33",1.41593209271956
"34","pooledJasparNR.meme.txt","MA0448.1","H2.0","TTWATDA",2.96e-07,0.00528,4.92,17865,0.0108,17341,525,1,4572,26.37,89,16.95,"mg33",1.55575221238938
"35","pooledJasparNR.meme.txt","MA0181.1","Vsx1","YTAATTA",3.12e-07,0.00555,5.18,17865,0.0083,400,17466,1,124,31,3528,20.2,"mg33",1.53465346534653
"36","pooledJasparNR.meme.txt","MA0214.1","bsh","TTAATKR",3.41e-07,0.00608,5.67,17865,0.0102,8200,9666,1,1700,20.73,1719,17.78,"mg33",1.16591676040495
"37","pooledJasparNR.meme.txt","MA0446.1","fkh","TGTTTRYHYAA",3.84e-07,0.00685,6.38,17865,0.00669,247,17619,1.01,108,43.72,5045,28.63,"mg33",1.52706950750961
"38","pooledJasparNR.meme.txt","MA1489.1","FOXN3","GTAAACAA",4.6e-07,0.00819,7.63,17865,0.00828,398,17468,1.01,85,21.36,2157,12.35,"mg33",1.72955465587045
"39","pooledJasparNR.meme.txt","MA0613.1","FOXG1","RTAAACAW",4.84e-07,0.0086,8.02,17865,0.00553,164,17702,1,93,56.71,6626,37.43,"mg33",1.51509484370826
"40","pooledJasparNR.meme.txt","MA0182.1","CG4328-RA","WTWATTR",5.1e-07,0.00907,8.45,17865,0.0113,17637,229,1,5102,28.93,34,14.85,"mg33",1.94814814814815
"41","pooledJasparNR.meme.txt","MA0218.1","ct","TTRAAC",5.26e-07,0.00935,8.72,17865,0.00981,924,16942,1,442,47.84,6715,39.64,"mg33",1.20686175580222
"42","pooledJasparNR.meme.txt","MA0481.3","FOXP1","NDGTAAACANH",5.58e-07,0.00991,9.24,17865,0.00801,362,17504,1,139,38.4,4623,26.41,"mg33",1.45399469897766
"43","pooledJasparNR.meme.txt","MA0245.1","slou","TTAATTR",5.84e-07,0.0104,9.67,17865,0.0102,8725,9141,1,1804,20.68,1627,17.8,"mg33",1.16179775280899
"1","pooledJasparNR.meme.txt","MA0446.1","fkh","TGTTTRYHYAA",9.8e-08,0.00175,1.63,17865,0.0148,473,17393,1.01,189,39.96,4964,28.54,"mg35",1.40014015416959
"2","pooledJasparNR.meme.txt","MA0790.1","POU4F1","ATGMATAATTAATG",1.55e-07,0.00276,2.58,17865,0.0151,16355,1511,1.01,3104,18.98,208,13.77,"mg35",1.37835875090777
"3","pooledJasparNR.meme.txt","MA0210.1","ara","WAACA",2.57e-07,0.00458,4.27,17865,0.0152,17520,346,1,9243,52.76,135,39.02,"mg35",1.35212711430036
"4","pooledJasparNR.meme.txt","MA0078.1","Sox17","NHYATTGTS",3.43e-07,0.00611,5.69,17865,0.015,12068,5798,1,3674,30.44,1556,26.84,"mg35",1.13412816691505
"5","pooledJasparNR.meme.txt","MA0630.1","SHOX","HTAATTRR",4.22e-07,0.00752,7.01,17865,0.0151,17007,859,1,3427,20.15,116,13.5,"mg35",1.49259259259259
"1","pooledJasparNR.meme.txt","MA1119.1","SIX2","NNCTGAAACCTGATMY",4.66e-10,8.33e-06,0.00776,17865,0.0105,4998,12868,1.02,866,17.33,1757,13.65,"mg36",1.26959706959707
"2","pooledJasparNR.meme.txt","MA0471.2","E2F6","VVDGGCGGGAAVV",4.82e-09,8.61e-05,0.0803,17865,0.0104,3876,13990,1.02,1410,36.38,4400,31.45,"mg36",1.15675675675676
"3","pooledJasparNR.meme.txt","MA1535.1","NR2C1","NRRGGTCAN",3.15e-07,0.00561,5.23,17865,0.0106,5839,12027,1.01,2513,43.04,4705,39.12,"mg36",1.10020449897751
"4","pooledJasparNR.meme.txt","MA1111.1","NR2F2","NAAAGGTCANR",3.34e-07,0.00595,5.54,17865,0.00951,626,17240,1.01,190,30.35,3723,21.6,"mg36",1.40509259259259
"5","pooledJasparNR.meme.txt","MA1651.1","ZFP42","NNNHCAARATGGCTGCCNBNN",4.74e-07,0.00842,7.85,17865,0.0107,8662,9204,1.07,1617,18.67,1462,15.88,"mg36",1.17569269521411
"1","pooledJasparNR.meme.txt","MA0174.1","Dbx","TTWATKA",1.6e-11,2.86e-07,0.000266,17865,0.0194,17343,523,1,6223,35.88,116,22.18,"mg37",1.61767357980162
"2","pooledJasparNR.meme.txt","MA0170.1","C15","TTAAWKR",1.69e-09,3.02e-05,0.0281,17865,0.0191,15382,2484,1,3596,23.38,450,18.12,"mg37",1.29028697571744
"3","pooledJasparNR.meme.txt","MA0448.1","H2.0","TTWATDA",5.3e-09,9.47e-05,0.0883,17865,0.0192,16635,1231,1,4423,26.59,238,19.33,"mg37",1.37558199689602
"4","pooledJasparNR.meme.txt","MA0182.1","CG4328-RA","WTWATTR",1.06e-08,0.000189,0.177,17865,0.0192,16823,1043,1,4914,29.21,222,21.28,"mg37",1.37265037593985
"5","pooledJasparNR.meme.txt","MA0215.1","btn","TTAATKA",1.34e-07,0.00239,2.22,17865,0.019,11403,6463,1,3092,27.12,1526,23.61,"mg37",1.14866581956798
"6","pooledJasparNR.meme.txt","MA0214.1","bsh","TTAATKR",1.47e-07,0.00263,2.45,17865,0.0191,14943,2923,1,2958,19.8,461,15.77,"mg37",1.25554850982879
"7","pooledJasparNR.meme.txt","MA0228.1","ind","YTAATKA",1.57e-07,0.00281,2.61,17865,0.019,10550,7316,1,2466,23.37,1474,20.15,"mg37",1.15980148883375
"8","pooledJasparNR.meme.txt","MA0189.1","E5","YTAATKA",2e-07,0.00356,3.32,17865,0.0191,15260,2606,1,3064,20.08,414,15.89,"mg37",1.26368785399622
"9","pooledJasparNR.meme.txt","MA0180.1","Vsx2","KTTAATTAG",3.25e-07,0.00579,5.4,17865,0.0194,17245,621,1,2628,15.24,52,8.37,"mg37",1.82078853046595
"1","pooledJasparNR.meme.txt","MA0174.1","Dbx","TTWATKA",2.57e-09,4.58e-05,0.0427,17865,0.0093,17289,577,1,6199,35.86,140,24.26,"mg4",1.47815333882935
"2","pooledJasparNR.meme.txt","MA0078.1","Sox17","NHYATTGTS",3.72e-08,0.000665,0.62,17865,0.00923,16823,1043,1,5000,29.72,230,22.05,"mg4",1.34784580498866
"3","pooledJasparNR.meme.txt","MA0182.1","CG4328-RA","WTWATTR",1.23e-07,0.00219,2.05,17865,0.00929,17244,622,1,5013,29.07,123,19.77,"mg4",1.47040971168437
"1","pooledJasparNR.meme.txt","MA0205.2","Trl","RVAAGAGAGAGR",6.66e-13,1.19e-08,1.11e-05,17865,0.00632,674,17192,1.01,225,33.38,3653,21.25,"mg5",1.57082352941176
"2","pooledJasparNR.meme.txt","MA0537.1","blmp-1","RAAAGWGARAR",5.8e-11,1.04e-06,0.000966,17865,0.00696,3127,14739,1.01,2228,71.25,9624,65.3,"mg5",1.09111791730475
"3","pooledJasparNR.meme.txt","MA0482.2","GATA4","NNCCTTATCTNH",2.72e-10,4.86e-06,0.00453,17865,0.00634,697,17169,1.01,193,27.69,3067,17.86,"mg5",1.55039193729003
"4","pooledJasparNR.meme.txt","MA0543.1","eor-1","RRAGAGASRSAGAGA",4.32e-10,7.71e-06,0.00719,17865,0.00632,667,17199,1.03,222,33.28,3887,22.6,"mg5",1.47256637168142
"5","pooledJasparNR.meme.txt","MA1568.1","TCF21(var.2)","CACCATATGKYR",4.05e-08,0.000724,0.675,17865,0.0071,5541,12325,1.01,622,11.23,1065,8.64,"mg5",1.29976851851852
"6","pooledJasparNR.meme.txt","MA0508.3","PRDM1","YNCTTTCTCTH",5.07e-08,0.000906,0.845,17865,0.00648,870,16996,1.01,337,38.74,5097,29.99,"mg5",1.2917639213071
"1","pooledJasparNR.meme.txt","MA0745.2","SNAI2","NBGCACCTGTMNY",1.02e-08,0.000183,0.17,17865,0.0182,144,17722,1.01,35,24.31,1491,8.41,"mg6",2.89060642092747
"2","pooledJasparNR.meme.txt","MA1518.1","LHX1","NYAATTAN",1.42e-07,0.00253,2.36,17865,0.0208,13081,4785,1,2990,22.86,923,19.29,"mg6",1.1850699844479
"3","pooledJasparNR.meme.txt","MA1558.1","SNAI1","DRCAGGTGYD",1.58e-07,0.00282,2.63,17865,0.0182,148,17718,1.01,47,31.76,2611,14.74,"mg6",2.15468113975577
"4","pooledJasparNR.meme.txt","MA1559.1","SNAI3","RRCAGGTGYA",2.25e-07,0.00401,3.74,17865,0.0181,142,17724,1.01,30,21.13,1324,7.47,"mg6",2.82864792503347
"5","pooledJasparNR.meme.txt","MA0109.1","HLTF","NHMCWTDKNN",4.34e-07,0.00771,7.19,17865,0.0208,15089,2777,1,7019,46.52,1151,41.45,"mg6",1.12231604342581
"1","pooledJasparNR.meme.txt","MA0713.1","PHOX2A","TAATYYAATTA",6.9e-11,1.23e-06,0.00115,17865,0.00716,40,17826,1.01,27,67.5,3500,19.63,"mg7",3.43861436576668
"2","pooledJasparNR.meme.txt","MA0174.1","Dbx","TTWATKA",2.65e-10,4.74e-06,0.00442,17865,0.0156,17406,460,1,6237,35.83,102,22.17,"mg7",1.61614794767704
"3","pooledJasparNR.meme.txt","MA0715.1","PROP1","TAATYWAATTA",2.08e-09,3.72e-05,0.0346,17865,0.0109,73,17793,1.01,31,42.47,2445,13.74,"mg7",3.09097525473071
"4","pooledJasparNR.meme.txt","MA0182.1","CG4328-RA","WTWATTR",2.92e-09,5.22e-05,0.0487,17865,0.0156,17391,475,1,5054,29.06,82,17.26,"mg7",1.68366164542294
"5","pooledJasparNR.meme.txt","MA0078.1","Sox17","NHYATTGTS",8.46e-09,0.000151,0.141,17865,0.0153,16821,1045,1,5003,29.74,227,21.72,"mg7",1.36924493554328
"6","pooledJasparNR.meme.txt","MA0448.1","H2.0","TTWATDA",4.32e-08,0.000771,0.719,17865,0.016,17629,237,1,4633,26.28,28,11.81,"mg7",2.22523285351397
"7","pooledJasparNR.meme.txt","MA0228.1","ind","YTAATKA",5.95e-08,0.00106,0.99,17865,0.0149,5876,11990,1,1435,24.42,2505,20.89,"mg7",1.16898037338439
"8","pooledJasparNR.meme.txt","MA0210.1","ara","WAACA",1.57e-07,0.00279,2.6,17865,0.0154,17049,817,1,9021,52.91,357,43.7,"mg7",1.21075514874142
"9","pooledJasparNR.meme.txt","MA0189.1","E5","YTAATKA",2.28e-07,0.00406,3.78,17865,0.0149,5903,11963,1,1276,21.62,2202,18.41,"mg7",1.17436175991309
"10","pooledJasparNR.meme.txt","MA1439.1","elt-6","STGATAAN",3.2e-07,0.00569,5.3,17865,0.0153,16544,1322,1,4026,24.34,243,18.38,"mg7",1.32426550598477
"1","pooledJasparNR.meme.txt","MA0542.1","elt-3","TCTTATCA",1.97e-09,3.51e-05,0.0328,17865,0.00814,1065,16801,1,457,42.91,5694,33.89,"mg8",1.26615520802597
"2","pooledJasparNR.meme.txt","MA0766.2","GATA5","SWGATAASRN",2.69e-08,0.00048,0.447,17865,0.00689,316,17550,1,106,33.54,3542,20.18,"mg8",1.66204162537166
"3","pooledJasparNR.meme.txt","MA0037.3","GATA3","WGATAASR",2.27e-07,0.00405,3.77,17865,0.00816,1098,16768,1,356,32.42,4250,25.35,"mg8",1.27889546351085
"4","pooledJasparNR.meme.txt","MA0482.2","GATA4","NNCCTTATCTNH",4.49e-07,0.00798,7.44,17865,0.00801,880,16986,1.01,218,24.77,3042,17.91,"mg8",1.38302624232272
"1","pooledJasparNR.meme.txt","MA0095.2","YY1","CAARATGGCBGC",4.82e-12,8.62e-08,8.03e-05,17865,0.0165,7109,10757,1.02,2093,29.44,2669,24.81,"mg9",1.18661829907295
"2","pooledJasparNR.meme.txt","MA0597.1","THAP1","YTGCCCDBA",1.18e-11,2.11e-07,0.000197,17865,0.0164,5429,12437,1,2774,51.1,5678,45.65,"mg9",1.11938663745893
"3","pooledJasparNR.meme.txt","MA1460.1","pho","NNATGGCCGNN",1.61e-11,2.88e-07,0.000269,17865,0.0165,6253,11613,1.01,1812,28.98,2831,24.38,"mg9",1.18867924528302
"4","pooledJasparNR.meme.txt","MA1650.1","ZBTB14","SSCCGCGCACVS",5.7e-11,1.02e-06,0.00095,17865,0.0165,6109,11757,1.02,1342,21.97,2106,17.91,"mg9",1.22668900055835
"5","pooledJasparNR.meme.txt","MA0671.1","NFIX","NNTGCCAAN",2.97e-10,5.31e-06,0.00495,17865,0.0165,5570,12296,1,3054,54.83,6126,49.82,"mg9",1.10056202328382
"6","pooledJasparNR.meme.txt","MA0748.2","YY2","NVATGGCGGCS",3.57e-10,6.38e-06,0.00595,17865,0.0165,7123,10743,1.01,1728,24.26,2185,20.34,"mg9",1.19272369714848
"7","pooledJasparNR.meme.txt","MA0480.1","Foxo1","TSYTGTTTACH",4.74e-09,8.47e-05,0.079,17865,0.0163,3739,14127,1.01,1344,35.95,4375,30.97,"mg9",1.16080077494349
"8","pooledJasparNR.meme.txt","MA0233.1","mirr","WAACA",9.89e-09,0.000177,0.165,17865,0.0125,263,17603,1,195,74.14,10062,57.16,"mg9",1.29706088173548
"9","pooledJasparNR.meme.txt","MA0210.1","ara","WAACA",2.61e-08,0.000466,0.435,17865,0.012,221,17645,1,156,70.59,9222,52.26,"mg9",1.35074626865672
"10","pooledJasparNR.meme.txt","MA1651.1","ZFP42","NNNHCAARATGGCTGCCNBNN",2.93e-08,0.000524,0.488,17865,0.0165,7085,10781,1.07,1356,19.14,1723,15.98,"mg9",1.19774718397997
"11","pooledJasparNR.meme.txt","MA0157.2","FOXO3","GTAAACAW",7.25e-08,0.00129,1.21,17865,0.0162,2975,14891,1,769,25.85,3184,21.38,"mg9",1.20907390084191
"12","pooledJasparNR.meme.txt","MA0695.1","ZBTB7C","RCGACCACCGAN",1.32e-07,0.00236,2.2,17865,0.0162,3071,14795,1.01,1246,40.57,5269,35.61,"mg9",1.13928671721427
"13","pooledJasparNR.meme.txt","MA0162.4","EGR1","VCMCGCCCACGCVS",1.45e-07,0.00259,2.42,17865,0.0159,1744,16122,1.04,592,33.94,4512,27.99,"mg9",1.21257591997142
"14","pooledJasparNR.meme.txt","MA0458.1","slp1","DTGTTTAYRYW",1.63e-07,0.00291,2.72,17865,0.0158,1442,16424,1.01,799,55.41,7943,48.36,"mg9",1.14578163771712
"15","pooledJasparNR.meme.txt","MA1122.1","TFDP1","VSGCGGGAAVN",4.01e-07,0.00713,6.65,17865,0.0165,5577,12289,1.01,1459,26.16,2794,22.74,"mg9",1.15039577836412
"16","pooledJasparNR.meme.txt","MA1583.1","ZFP57","NNVTTGCCGCANN",5.56e-07,0.00989,9.21,17865,0.0163,3686,14180,1.01,522,14.16,1586,11.18,"mg9",1.26654740608229
